withdrawal_zone,withdrawal_lat,withdrawal_lon
10.1_77.5,10.12364,77.498189
10.1_77.7,10.097303,77.652323
10.2_77.5,10.155946,77.514841
10.2_78.2,10.204582,78.186326
10.3_76.9,10.320373,76.88198
10.3_77.1,10.285535,77.099538
10.3_78.4,10.283136,78.393852
10.4_76.3,10.445276499999999,76.2870925
10.4_77.0,10.380263500000002,77.027702
10.4_77.2,10.360968,77.199634
10.4_77.7,10.374987,77.727414
10.4_78.0,10.406693,78.015206
10.4_78.1,10.39795,78.100307
10.4_78.3,10.396673,78.267675
10.4_78.5,10.429456,78.528874
10.5_77.9,10.4670245,77.8698885
10.5_78.3,10.485546,78.33188
10.5_78.8,10.499863,78.77226300000001
10.6_76.4,10.5803695,76.3797945
10.6_76.6,10.610705,76.626882
10.6_77.5,10.578769,77.546908
10.6_77.7,10.568974,77.651592
10.7_76.6,10.723348,76.617668
10.7_76.8,10.726514,76.7774515
10.7_76.9,10.694344,76.887179
10.7_77.5,10.6557445,77.47745499999999
10.7_77.7,10.701425,77.682855
10.7_79.2,10.668511,79.191507
10.7_79.4,10.678587,79.437659
10.8_75.7,10.847911,75.741336
10.8_76.0,10.780506,76.042667
10.8_76.5,10.842068,76.500852
10.8_76.6,10.784627,76.615221
10.8_77.0,10.785948,76.979087
10.8_77.4,10.813968,77.416307
10.8_77.8,10.775327,77.820642
10.8_77.9,10.776521,77.900126
10.8_78.4,10.7762,78.408064
10.8_79.2,10.812673,79.246823
10.9_75.9,10.86215,75.916125
10.9_76.6,10.874746,76.641021
10.9_76.7,10.936965,76.720374
10.9_76.8,10.923284,76.767062
10.9_76.9,10.902939,76.879352
10.9_77.4,10.937587,77.412861
10.9_77.7,10.910102,77.668794
10.9_77.8,10.934565,77.8087565
10.9_78.1,10.876548,78.078942
10.9_78.3,10.882117,78.270653
10.9_78.5,10.941512,78.511866
10.9_79.2,10.903836,79.168446
10.9_79.3,10.935788,79.317118
11.0_75.7,10.976909500000001,75.7147365
11.0_75.9,11.019382,75.928979
11.0_76.2,10.959564,76.220207
11.0_76.5,11.037404,76.501568
11.0_76.9,11.027571,76.889393
11.0_77.5,11.013484,77.46955
11.0_77.9,10.954962,77.927729
11.0_78.3,11.005725,78.29672
11.0_78.5,10.989222999999999,78.50227749999999
11.0_78.9,10.95745,78.852479
11.1_75.5,11.073218,75.485546
11.1_75.7,11.090504,75.662355
11.1_76.0,11.100015,76.019366
11.1_76.4,11.104354,76.444593
11.1_76.5,11.099922999999999,76.503559
11.1_76.6,11.07246,76.625476
11.1_77.2,11.138565,77.158526
11.1_77.4,11.0719305,77.407881
11.1_77.5,11.093163,77.524722
11.1_77.7,11.095909666666666,77.66271666666667
11.1_77.8,11.122526,77.80301225
11.1_77.9,11.147811,77.880176
11.1_78.3,11.142927,78.270126
11.1_78.4,11.083029,78.394305
11.1_78.5,11.141064,78.457319
11.1_79.6,11.109602,79.586443
11.1_79.7,11.114924,79.667976
11.2_75.4,11.22649,75.411233
11.2_75.7,11.173093,75.681325
11.2_76.0,11.227813,76.020418
11.2_76.9,11.217091,76.854226
11.2_77.0,11.189744,76.956583
11.2_77.1,11.222715,77.096673
11.2_77.7,11.218129,77.718076
11.2_77.8,11.210037,77.750924
11.2_77.9,11.193605000000002,77.8533365
11.2_78.3,11.226461,78.330209
11.2_78.6,11.150995,78.620476
11.2_78.8,11.1513,78.808302
11.2_79.3,11.249778,79.338651
11.2_79.5,11.240722,79.482921
11.2_79.6,11.19033,79.630481
11.2_79.8,11.234249,79.81045
11.3_75.4,11.27864,75.373958
11.3_75.7,11.314561,75.70287
11.3_75.8,11.254272,75.789869
11.3_76.0,11.294436,76.044461
11.3_76.2,11.2962235,76.20935399999999
11.3_76.6,11.310035,76.570894
11.3_76.9,11.295238,76.949949
11.3_77.1,11.280181,77.147565
11.3_77.3,11.318541,77.2553245
11.3_77.7,11.325507,77.677014
11.3_77.9,11.254288500000001,77.8532145
11.3_78.1,11.321864,78.050754
11.3_78.4,11.251371,78.362697
11.3_78.8,11.346653,78.836543
11.3_78.9,11.2879905,78.866081
11.3_79.0,11.337953,79.000667
11.3_79.2,11.280329,79.216077
11.3_79.5,11.283273,79.542583
11.3_79.8,11.342404,79.834831
11.4_75.3,11.449044,75.325394
11.4_75.5,11.444605,75.476938
11.4_75.6,11.359892,75.571189
11.4_76.5,11.354532,76.494839
11.4_76.9,11.417966,76.874743
11.4_77.5,11.413945,77.534752
11.4_77.8,11.3836895,77.8018225
11.4_77.9,11.350661,77.900707
11.4_78.0,11.392395,77.978476
11.4_78.1,11.3989305,78.07261349999999
11.4_78.8,11.377862,78.782354
11.4_79.0,11.376945,78.958435
11.4_79.1,11.407735,79.059118
11.4_79.3,11.3995535,79.29490849999999
11.4_79.6,11.368612,79.593034
11.5_75.2,11.547359,75.189526
11.5_75.5,11.525473,75.534989
11.5_76.3,11.512046999999999,76.2847575
11.5_76.9,11.500463,76.90668
11.5_77.0,11.468117,77.04122
11.5_77.1,11.545445,77.074805
11.5_77.2,11.470486000000001,77.179084
11.5_77.3,11.515255,77.269037
11.5_77.5,11.540879,77.534391
11.5_77.7,11.489888,77.694281
11.5_77.8,11.502100666666669,77.81112266666666
11.5_78.0,11.544437,78.019761
11.5_78.1,11.518406500000001,78.11417349999999
11.5_78.4,11.467365,78.422328
11.5_79.7,11.495129,79.734305
11.6_75.2,11.6022,75.150928
11.6_75.3,11.59877,75.323837
11.6_75.7,11.56762,75.72233433333334
11.6_76.1,11.645934,76.133811
11.6_76.3,11.608942,76.336558
11.6_76.4,11.621417000000001,76.42104
11.6_76.7,11.617048,76.737981
11.6_76.8,11.60025,76.845236
11.6_77.0,11.579842,76.985039
11.6_77.2,11.554546,77.193112
11.6_77.4,11.6123785,77.421344
11.6_77.5,11.620962,77.537131
11.6_77.6,11.64874,77.625327
11.6_77.8,11.593794,77.807729
11.6_77.9,11.583151,77.93978
11.6_78.0,11.607774,78.030522
11.6_78.1,11.606072,78.126949
11.6_78.3,11.572538,78.311528
11.6_78.5,11.611282,78.535966
11.6_78.7,11.628356,78.694137
11.6_79.0,11.594183,78.962141
11.6_79.2,11.649953,79.201091
11.6_79.3,11.622804,79.291423
11.6_80.0,11.600398,79.974013
11.6_80.1,11.561896,80.075525
11.7_75.2,11.666281,75.213338
11.7_75.6,11.706559,75.648815
11.7_75.8,11.660986,75.777575
11.7_76.4,11.712316,76.387127
11.7_76.5,11.722833,76.492672
11.7_76.6,11.691969,76.579772
11.7_76.7,11.700609,76.70095
11.7_76.9,11.658692,76.929148
11.7_77.0,11.6967855,76.9887385
11.7_77.2,11.716208,77.22320450000001
11.7_77.3,11.680943,77.3235035
11.7_77.4,11.743973,77.361997
11.7_77.6,11.676765,77.59056
11.7_77.8,11.724043,77.832775
11.7_77.9,11.667051,77.850378
11.7_78.0,11.6503425,78.0136375
11.7_78.1,11.655643,78.128862
11.7_78.2,11.737091,78.163359
11.7_78.5,11.717012333333335,78.49160766666667
11.7_78.6,11.6580425,78.5650385
11.7_78.8,11.683422,78.842877
11.7_78.9,11.687373,78.891921
11.7_79.2,11.744871,79.218565
11.7_79.5,11.722949,79.456893
11.7_79.7,11.690108,79.71285
11.7_80.0,11.702528,79.971615
11.8_75.2,11.787887999999999,75.19045700000001
11.8_75.3,11.772583,75.280615
11.8_76.3,11.848671,76.348457
11.8_76.4,11.82819,76.39636
11.8_76.5,11.78109,76.536181
11.8_76.7,11.799022,76.708825
11.8_76.8,11.774155,76.794515
11.8_77.0,11.820701333333332,77.00844333333333
11.8_77.1,11.8058025,77.0863475
11.8_77.2,11.771225999999999,77.19751199999999
11.8_77.3,11.831547,77.3420735
11.8_77.4,11.8267995,77.4021315
11.8_77.5,11.76135,77.450474
11.8_77.6,11.787678,77.617043
11.8_77.8,11.792011,77.834484
11.8_77.9,11.798416,77.87768399999999
11.8_78.0,11.817859799999999,77.99906100000001
11.8_78.1,11.8093185,78.116537
11.8_78.4,11.795953,78.432395
11.8_78.5,11.786921,78.472775
11.8_78.6,11.821844,78.595846
11.8_78.8,11.767058,78.840267
11.8_78.9,11.76331,78.920771
11.8_79.0,11.835601,79.036104
11.8_79.1,11.80555,79.108536
11.9_75.2,11.948372,75.151296
11.9_75.7,11.921841,75.743778
11.9_75.8,11.9069505,75.8313685
11.9_76.3,11.8963555,76.3187425
11.9_76.4,11.919158,76.395042
11.9_76.8,11.9079575,76.78859299999999
11.9_76.9,11.910183,76.932113
11.9_77.0,11.922741333333335,77.004875
11.9_77.1,11.887928,77.141362
11.9_77.2,11.907672,77.21827475
11.9_77.3,11.885914,77.300927
11.9_77.4,11.887276333333332,77.42601033333334
11.9_77.5,11.910244,77.464505
11.9_77.6,11.90361375,77.62790125000001
11.9_77.7,11.892321,77.65126
11.9_77.8,11.88392,77.818069
11.9_77.9,11.903795666666667,77.871168
11.9_78.0,11.917273,77.96152
11.9_78.1,11.906277,78.0976135
11.9_78.2,11.8776705,78.184061
11.9_78.3,11.896666666666667,78.31031933333334
11.9_78.5,11.939122,78.476277
11.9_78.6,11.897953999999999,78.582839
11.9_78.8,11.940518,78.756756
11.9_78.9,11.9146335,78.8903535
11.9_79.0,11.856814,79.017333
11.9_79.6,11.867003,79.641723
11.9_79.7,11.9015195,79.747221
11.9_79.8,11.942627,79.84302
11.9_80.0,11.874883,80.029274
12.0_74.9,11.965932,74.949929
12.0_75.5,11.982407,75.502889
12.0_75.6,12.04706,75.645512
12.0_75.7,11.991746000000001,75.71074433333332
12.0_76.3,12.024499500000001,76.283321
12.0_76.4,12.004723333333333,76.44623333333334
12.0_76.6,11.999172,76.633979
12.0_76.8,12.022642000000001,76.81622999999999
12.0_76.9,11.9960175,76.88773850000001
12.0_77.0,12.04402,76.995241
12.0_77.3,11.999633666666668,77.31583733333333
12.0_77.4,12.009033500000001,77.423329
12.0_77.5,11.964841,77.531486
12.0_77.6,11.997193,77.615123
12.0_77.7,11.997736499999998,77.6958925
12.0_77.9,11.997329333333333,77.90298733333333
12.0_78.0,11.995584000000001,78.0340515
12.0_78.1,11.98634475,78.07401725
12.0_78.2,12.011478,78.177036
12.0_78.3,11.9700455,78.2784945
12.0_78.4,12.011789,78.376508
12.0_78.6,12.032335,78.627744
12.0_78.8,11.975817,78.785746
12.0_79.0,11.992121,78.991076
12.0_79.2,12.017488,79.168369
12.0_79.3,12.005831,79.345444
12.0_79.6,11.995125,79.621013
12.0_80.0,11.955331,80.032643
12.0_80.2,12.02177,80.232369
12.0_80.3,12.010503,80.291131
12.1_75.0,12.100098,75.0162565
12.1_75.1,12.056045,75.07453
12.1_75.6,12.110581333333334,75.581809
12.1_75.9,12.127248,75.921565
12.1_76.1,12.122022000000001,76.0878055
12.1_76.4,12.093627,76.416791
12.1_76.5,12.117681,76.521184
12.1_76.7,12.0952135,76.718201
12.1_76.8,12.137402,76.81359
12.1_76.9,12.07762,76.8671045
12.1_77.0,12.072628000000002,77.02810199999999
12.1_77.1,12.142161,77.076831
12.1_77.2,12.1253715,77.1927145
12.1_77.3,12.105019250000002,77.30467924999999
12.1_77.4,12.1274452,77.402297
12.1_77.5,12.120258,77.4812024
12.1_77.6,12.091892999999999,77.624235
12.1_77.7,12.133547,77.675786
12.1_77.8,12.113358250000001,77.786888
12.1_77.9,12.1087865,77.9399515
12.1_78.0,12.06843,77.982209
12.1_78.1,12.10033525,78.07989725
12.1_78.2,12.09956725,78.22641
12.1_78.3,12.121376666666668,78.29492599999999
12.1_78.6,12.106815,78.599732
12.1_78.7,12.12426,78.669709
12.1_79.0,12.1329465,79.0185195
12.1_79.2,12.129304,79.240917
12.1_79.5,12.051064,79.466004
12.1_80.1,12.091236,80.08717
12.2_75.6,12.249779,75.606438
12.2_75.8,12.197303,75.836223
12.2_76.0,12.234609,75.973922
12.2_76.5,12.177842,76.512131
12.2_76.6,12.173963,76.61055250000001
12.2_76.7,12.211435,76.72372
12.2_76.8,12.203286,76.763264
12.2_76.9,12.223556,76.88963666666666
12.2_77.0,12.190711,76.952296
12.2_77.1,12.19294875,77.125009
12.2_77.2,12.228231,77.208582
12.2_77.3,12.228757333333334,77.26410733333333
12.2_77.4,12.207962666666667,77.39376116666666
12.2_77.5,12.186791,77.497602
12.2_77.6,12.1969615,77.59354833333333
12.2_77.7,12.194386285714286,77.67178942857143
12.2_77.8,12.202254400000001,77.8242032
12.2_77.9,12.219644,77.90855900000001
12.2_78.0,12.1713815,77.989015
12.2_78.2,12.211194666666666,78.181015
12.2_78.3,12.2117835,78.32414299999999
12.2_78.4,12.202465,78.40428128571429
12.2_78.5,12.2043515,78.4816285
12.2_78.6,12.245714,78.562493
12.2_78.7,12.213363000000001,78.674969
12.2_78.9,12.150462,78.9077
12.2_79.0,12.167691,78.978634
12.2_79.3,12.229049,79.252934
12.2_79.5,12.202768,79.499551
12.2_80.4,12.153281,80.350657
12.3_75.2,12.256509,75.207758
12.3_75.9,12.333072,75.919482
12.3_76.2,12.275734,76.179935
12.3_76.3,12.309309333333333,76.27610633333335
12.3_76.6,12.291378,76.573594
12.3_76.7,12.320432666666667,76.69187266666667
12.3_76.8,12.29644625,76.80492425
12.3_76.9,12.290028333333334,76.92962433333334
12.3_77.0,12.289258166666665,77.00072283333333
12.3_77.1,12.283854999999999,77.10352725
12.3_77.2,12.313075666666668,77.2170215
12.3_77.3,12.289953833333334,77.31923533333334
12.3_77.4,12.307453666666667,77.40693783333334
12.3_77.5,12.301891583333335,77.496491
12.3_77.6,12.322231571428572,77.59573185714285
12.3_77.7,12.318932888888888,77.69236122222223
12.3_77.8,12.2978965,77.7951534
12.3_77.9,12.2921656,77.900662
12.3_78.0,12.30036475,78.00971775
12.3_78.1,12.317333333333332,78.103742
12.3_78.2,12.2867945,78.186937
12.3_78.3,12.338607,78.259217
12.3_78.5,12.262492,78.520198
12.3_78.6,12.292820999999998,78.60109366666667
12.3_78.8,12.3160595,78.77271400000001
12.3_79.1,12.260263,79.131097
12.3_79.3,12.324371,79.286348
12.3_79.4,12.26963,79.3785485
12.3_79.6,12.292523,79.5663
12.3_80.1,12.2895495,80.082355
12.3_80.3,12.341378,80.32756
12.4_74.9,12.364979,74.86940799999999
12.4_75.0,12.367761,75.026074
12.4_75.3,12.409502,75.340353
12.4_75.5,12.426801,75.510079
12.4_75.7,12.4376,75.663957
12.4_75.8,12.440344,75.761294
12.4_75.9,12.380224,75.852415
12.4_76.1,12.447963,76.125863
12.4_76.4,12.4361,76.372364
12.4_76.5,12.367634666666667,76.48865099999999
12.4_76.6,12.389999666666666,76.61591566666667
12.4_76.7,12.404689,76.70785375
12.4_76.8,12.428026,76.83811
12.4_76.9,12.38188,76.88902283333333
12.4_77.0,12.394932500000001,77.01032083333332
12.4_77.1,12.396925571428572,77.12024671428571
12.4_77.2,12.394918222222223,77.2057408888889
12.4_77.3,12.403323888888888,77.30032944444444
12.4_77.4,12.409729375,77.40430575
12.4_77.5,12.4027154375,77.5004051875
12.4_77.6,12.40101925,77.59001466666666
12.4_77.7,12.410231,77.69702715384616
12.4_77.8,12.4024301,77.80324279999999
12.4_77.9,12.398114,77.92595511111111
12.4_78.0,12.396398428571429,77.99551628571429
12.4_78.1,12.392222428571428,78.09326885714286
12.4_78.2,12.381590833333334,78.215347
12.4_78.3,12.407845428571429,78.29865885714285
12.4_78.4,12.408753666666668,78.382451
12.4_78.6,12.391746,78.5945375
12.4_78.7,12.399585,78.69342533333334
12.4_78.8,12.395062,78.78996649999999
12.4_78.9,12.424671,78.886994
12.4_79.0,12.410216,79.012945
12.4_79.1,12.398058,79.071548
12.4_79.3,12.370533,79.281872
12.4_79.6,12.426724,79.599679
12.4_79.7,12.385939,79.678517
12.4_79.9,12.397268666666667,79.88569333333334
12.5_75.1,12.543904,75.070625
12.5_75.4,12.47067,75.374663
12.5_75.5,12.488136,75.52047999999999
12.5_75.9,12.537438,75.924696
12.5_76.0,12.494591499999999,75.98715899999999
12.5_76.1,12.512633999999998,76.0906645
12.5_76.2,12.538646,76.228547
12.5_76.4,12.522355,76.449852
12.5_76.5,12.475669,76.495209
12.5_76.6,12.474602,76.610673
12.5_76.7,12.4733455,76.70728075
12.5_76.8,12.501325666666666,76.79996233333333
12.5_76.9,12.49245325,76.917315
12.5_77.0,12.5252795,77.007005
12.5_77.1,12.4963502,77.1196492
12.5_77.2,12.503211923076922,77.19994823076924
12.5_77.3,12.519514307692306,77.31694023076923
12.5_77.4,12.5023902,77.40675933333334
12.5_77.5,12.49627355,77.50770825
12.5_77.6,12.511577583333334,77.60422212499999
12.5_77.7,12.50610561904762,77.69448961904762
12.5_77.8,12.507167954545453,77.80208372727272
12.5_77.9,12.5099155625,77.9017514375
12.5_78.0,12.488860666666666,77.99796077777778
12.5_78.1,12.490752153846152,78.0917253076923
12.5_78.2,12.507114,78.189885
12.5_78.3,12.4979685,78.295067
12.5_78.4,12.5212955,78.40264450000001
12.5_78.5,12.4779705,78.50198424999999
12.5_78.6,12.494912,78.6011345
12.5_78.7,12.490909,78.726098
12.5_78.8,12.4935726,78.79356720000001
12.5_78.9,12.539446,78.937798
12.5_79.1,12.512658,79.141683
12.5_79.6,12.539565,79.568558
12.5_79.7,12.462807,79.727253
12.5_79.8,12.50544,79.799909
12.5_80.4,12.528746,80.4399
12.6_74.8,12.629949,74.774331
12.6_75.1,12.61878,75.093632
12.6_76.0,12.586432,75.977532
12.6_76.2,12.6138115,76.20366150000001
12.6_76.3,12.612262,76.255102
12.6_76.4,12.626187999999999,76.387485
12.6_76.5,12.622139,76.4841955
12.6_76.6,12.616578,76.635072
12.6_76.7,12.58744425,76.67630875
12.6_76.9,12.598701857142856,76.91659871428571
12.6_77.0,12.603161142857143,77.03042685714286
12.6_77.1,12.598673866666667,77.09996939999999
12.6_77.2,12.603897076923078,77.2047903846154
12.6_77.3,12.592970733333335,77.30092386666666
12.6_77.4,12.604422249999999,77.41219660714286
12.6_77.5,12.602791625,77.49435241666667
12.6_77.6,12.605120263157895,77.59877734210527
12.6_77.7,12.605470192307694,77.69770546153846
12.6_77.8,12.592629458333333,77.80502120833333
12.6_77.9,12.598169071428572,77.8956969642857
12.6_78.0,12.597072466666667,77.99318086666668
12.6_78.1,12.577977615384615,78.08722369230769
12.6_78.2,12.5849354,78.20361199999999
12.6_78.3,12.594218999999999,78.27554557142857
12.6_78.4,12.643117,78.411333
12.6_78.5,12.6172705,78.5258645
12.6_78.6,12.605717333333333,78.59470433333333
12.6_78.7,12.554871,78.697612
12.6_78.8,12.6091132,78.77931079999999
12.6_79.0,12.574871,78.9712955
12.6_79.3,12.613176,79.346328
12.6_79.5,12.62483,79.539088
12.6_79.7,12.637165,79.7212
12.6_80.2,12.571528,80.248027
12.7_75.0,12.734118,75.007396
12.7_75.1,12.725258,75.066578
12.7_75.6,12.737427,75.639325
12.7_76.3,12.703882499999999,76.328
12.7_76.6,12.704781,76.585226
12.7_76.7,12.692662,76.70743949999999
12.7_76.8,12.6930275,76.763425
12.7_76.9,12.705163833333332,76.93715466666667
12.7_77.0,12.70089475,76.998192375
12.7_77.1,12.695539071428572,77.09861314285715
12.7_77.2,12.702702551724139,77.20389631034483
12.7_77.3,12.707303000000001,77.30468068421052
12.7_77.4,12.695720424242424,77.39866881818182
12.7_77.5,12.7085922,77.5053756
12.7_77.6,12.695406192307692,77.59613296153846
12.7_77.7,12.704293999999999,77.69965756756757
12.7_77.8,12.7051788,77.79995576666667
12.7_77.9,12.70441,77.89391662068965
12.7_78.0,12.69945090909091,77.99561095454546
12.7_78.1,12.692250571428572,78.09403
12.7_78.2,12.7098235,78.20478800000001
12.7_78.3,12.688836333333334,78.281553
12.7_78.4,12.7098488,78.4033328
12.7_78.5,12.679455,78.54349
12.7_78.6,12.722456666666666,78.56924633333334
12.7_78.7,12.679272666666668,78.67642333333333
12.7_78.9,12.709371,78.93699
12.7_79.1,12.735031,79.082578
12.7_79.2,12.65024,79.222596
12.7_79.3,12.7363,79.295039
12.7_79.4,12.724202,79.396789
12.7_79.8,12.670308,79.789505
12.7_79.9,12.720175,79.932803
12.7_80.1,12.696508,80.119528
12.7_80.5,12.721454,80.466565
12.8_75.0,12.775797,74.986112
12.8_75.1,12.808992,75.071628
12.8_76.2,12.820752,76.233933
12.8_76.3,12.790125,76.282961
12.8_76.4,12.801263500000001,76.419405
12.8_76.5,12.808514500000001,76.4925045
12.8_76.6,12.8301895,76.624359
12.8_76.7,12.7980794,76.7042054
12.8_76.8,12.786448799999999,76.78682239999999
12.8_76.9,12.805019666666666,76.91636755555555
12.8_77.0,12.801029666666667,77.00107406666666
12.8_77.1,12.80445175,77.1099674375
12.8_77.2,12.807127318181818,77.2127834090909
12.8_77.3,12.790883705882353,77.29613105882353
12.8_77.4,12.807687090909091,77.40636484848486
12.8_77.5,12.80519323076923,77.50656576923078
12.8_77.6,12.810281884615383,77.5973585
12.8_77.7,12.805168863636363,77.70118095454546
12.8_77.8,12.806752892857144,77.79345221428571
12.8_77.9,12.795586172413794,77.9098794137931
12.8_78.0,12.795766411764706,77.99668205882352
12.8_78.1,12.804515421052633,78.09645231578948
12.8_78.2,12.7969045,78.193465125
12.8_78.3,12.800851111111111,78.31148777777778
12.8_78.4,12.790176666666667,78.41096488888888
12.8_78.5,12.786099666666667,78.48359983333333
12.8_78.6,12.832624200000001,78.5678568
12.8_78.7,12.780595,78.703188
12.8_78.9,12.8089645,78.899678
12.8_79.0,12.8219825,78.9887445
12.8_79.1,12.793825,79.08835833333333
12.8_79.2,12.804494333333333,79.21362233333333
12.8_79.4,12.822923000000001,79.37012433333334
12.8_80.1,12.834216,80.140736
12.8_80.2,12.754174,80.184307
12.9_75.4,12.881592,75.441999
12.9_75.8,12.906922,75.772405
12.9_76.2,12.88741,76.199968
12.9_76.3,12.885755,76.291672
12.9_76.4,12.946914,76.3942705
12.9_76.5,12.923,76.465108
12.9_76.6,12.898574,76.59463650000001
12.9_76.7,12.89521025,76.71616375
12.9_76.8,12.878121499999999,76.809286
12.9_76.9,12.910013166666666,76.91260733333333
12.9_77.0,12.901061428571428,76.99291821428571
12.9_77.1,12.907506066666667,77.10260579999999
12.9_77.2,12.901049357142856,77.20720267857143
12.9_77.3,12.908981322580646,77.300038
12.9_77.4,12.893654394736842,77.40120263157894
12.9_77.5,12.901431500000001,77.49082309615385
12.9_77.6,12.900060621621622,77.60236991891892
12.9_77.7,12.893997366666667,77.69985199999999
12.9_77.8,12.898061387096774,77.79208461290322
12.9_77.9,12.90351496,77.89512048
12.9_78.0,12.905230107142858,77.99794239285714
12.9_78.1,12.9275584375,78.102069875
12.9_78.2,12.89320590909091,78.19295381818182
12.9_78.3,12.894608,78.297417
12.9_78.4,12.888508999999999,78.3708798
12.9_78.5,12.872748,78.51816
12.9_78.6,12.887372,78.58042933333333
12.9_78.7,12.889531,78.710339
12.9_78.8,12.851315,78.796356
12.9_79.0,12.916453,78.958863
12.9_79.1,12.867754,79.1213775
12.9_79.2,12.926101,79.242127
12.9_80.1,12.948383,80.109125
13.0_75.5,13.025373,75.548906
13.0_75.9,12.984954,75.855844
13.0_76.0,12.976552,76.005982
13.0_76.1,13.009371,76.149986
13.0_76.2,13.042597,76.155444
13.0_76.3,13.000796000000001,76.3023195
13.0_76.4,13.0106845,76.408704
13.0_76.5,12.972843,76.462907
13.0_76.6,13.006445,76.6226195
13.0_76.7,13.007196,76.7123385
13.0_76.8,13.006073599999999,76.784346
13.0_76.9,13.007323750000001,76.8848085
13.0_77.0,12.99618511111111,77.00801022222223
13.0_77.1,13.003233833333333,77.08558583333333
13.0_77.2,13.006016260869565,77.20878878260869
13.0_77.3,12.989859536585366,77.30277936585367
13.0_77.4,13.000457857142857,77.40731611428572
13.0_77.5,13.004070362068965,77.50235029310346
13.0_77.6,13.006491704545454,77.58996654545454
13.0_77.7,12.999977777777778,77.70266069444445
13.0_77.8,13.00493,77.79790218918919
13.0_77.9,12.99933772972973,77.89603813513514
13.0_78.0,13.002035576923078,77.99065334615385
13.0_78.1,12.9963495,78.09620958333333
13.0_78.2,12.998900105263159,78.18763805263158
13.0_78.3,12.977605090909092,78.30816954545455
13.0_78.4,13.000170875,78.406532375
13.0_78.5,13.002507,78.527064
13.0_78.6,13.003678714285714,78.59376314285714
13.0_78.7,13.0022565,78.6869655
13.0_78.8,13.035435,78.789041
13.0_79.1,13.004427333333334,79.13022333333333
13.0_79.5,12.959891,79.474091
13.0_79.8,13.019456,79.81157400000001
13.1_75.0,13.058387,75.007891
13.1_75.5,13.117841,75.506038
13.1_75.8,13.060913,75.773357
13.1_76.0,13.07192,76.039631
13.1_76.1,13.080195,76.075963
13.1_76.4,13.128146,76.377501
13.1_76.6,13.1190015,76.6340605
13.1_76.7,13.0642375,76.741355
13.1_76.8,13.099654000000001,76.77054866666667
13.1_76.9,13.094806142857141,76.88957014285714
13.1_77.0,13.103015666666668,76.99542044444445
13.1_77.1,13.107836,77.10039379999999
13.1_77.2,13.093246285714287,77.20250721428572
13.1_77.3,13.107163925925924,77.30310596296296
13.1_77.4,13.105244545454546,77.40252245454545
13.1_77.5,13.096850305555556,77.49814511111111
13.1_77.6,13.097588577777778,77.6019254
13.1_77.7,13.097886794117647,77.70240120588235
13.1_77.8,13.085118034482758,77.7947286551724
13.1_77.9,13.096968857142857,77.89898646428571
13.1_78.0,13.090465476190476,78.00465676190477
13.1_78.1,13.094485299999999,78.0916461
13.1_78.2,13.092150076923076,78.19114661538461
13.1_78.3,13.082032625,78.290693625
13.1_78.4,13.073777666666667,78.387575
13.1_78.5,13.122898,78.53946
13.1_78.6,13.136739,78.608687
13.1_78.7,13.11469825,78.705645
13.1_78.8,13.073684,78.783025
13.1_79.0,13.1305,79.00428600000001
13.1_79.2,13.050849,79.244732
13.1_79.3,13.143944,79.256941
13.1_80.0,13.067899,79.968722
13.1_80.1,13.1231015,80.0551525
13.1_80.2,13.1044925,80.19466
13.2_75.7,13.231045,75.700836
13.2_75.8,13.211847,75.826131
13.2_76.1,13.226019,76.068561
13.2_76.2,13.232189,76.198813
13.2_76.3,13.191734,76.313739
13.2_76.4,13.219027333333335,76.402502
13.2_76.5,13.192753,76.475305
13.2_76.6,13.180529,76.619194
13.2_76.7,13.16600375,76.704138
13.2_76.8,13.223424,76.826393
13.2_76.9,13.231884333333333,76.940043
13.2_77.0,13.207196999999999,77.0092899
13.2_77.1,13.207165250000001,77.11469291666667
13.2_77.2,13.202619,77.1964455
13.2_77.3,13.20077442857143,77.30585423809524
13.2_77.4,13.197549171428571,77.40091305714286
13.2_77.5,13.203953305555554,77.48602644444445
13.2_77.6,13.203204652173913,77.59379130434783
13.2_77.7,13.190443444444444,77.7045631111111
13.2_77.8,13.1980061025641,77.79729902564102
13.2_77.9,13.198290916666666,77.88400341666666
13.2_78.0,13.20209252,78.00020532
13.2_78.1,13.207531857142856,78.08453399999999
13.2_78.2,13.193797083333331,78.18611466666667
13.2_78.3,13.2031995,78.293509625
13.2_78.4,13.216521333333333,78.402197
13.2_78.5,13.21226325,78.481876
13.2_78.6,13.1895615,78.60220525
13.2_78.7,13.193349,78.69159433333334
13.2_79.0,13.24818,78.968788
13.2_79.1,13.181729,79.098521
13.2_79.2,13.201701,79.17804
13.2_79.7,13.238016,79.712739
13.2_79.9,13.241994,79.936408
13.2_80.1,13.204717,80.098294
13.3_75.9,13.3103295,75.90802400000001
13.3_76.0,13.332689,76.029214
13.3_76.1,13.324341,76.10080049999999
13.3_76.2,13.290197,76.199596
13.3_76.3,13.324451333333334,76.31602833333334
13.3_76.5,13.295543,76.47699499999999
13.3_76.6,13.332131,76.601689
13.3_76.7,13.291559,76.70473849999999
13.3_76.8,13.308307333333333,76.78497833333334
13.3_76.9,13.294226833333333,76.90095733333334
13.3_77.0,13.2729812,76.9999514
13.3_77.1,13.304715300000002,77.0987622
13.3_77.2,13.301237153846156,77.19777284615385
13.3_77.3,13.294051964285714,77.29785364285715
13.3_77.4,13.293942384615384,77.40595657692307
13.3_77.5,13.300429000000001,77.49672562068966
13.3_77.6,13.298748080000001,77.58948196
13.3_77.7,13.297189111111111,77.69380761111111
13.3_77.8,13.2927401,77.8076955
13.3_77.9,13.302513095238096,77.897796
13.3_78.0,13.304319833333333,78.00658266666666
13.3_78.1,13.290156857142858,78.1159827142857
13.3_78.2,13.283104875,78.19762525
13.3_78.3,13.2928162,78.2677226
13.3_78.4,13.294007666666666,78.40803983333333
13.3_78.5,13.2873915,78.4644825
13.3_78.6,13.2984975,78.600041
13.3_78.7,13.284615500000001,78.676346
13.3_78.8,13.33314,78.759834
13.3_79.0,13.329149000000001,78.990059
13.3_79.6,13.328385,79.569208
13.3_79.9,13.343057,79.898143
13.3_80.2,13.272192,80.1598245
13.3_80.3,13.337988500000002,80.308187
13.4_75.2,13.381553,75.202443
13.4_75.4,13.447781,75.385425
13.4_75.6,13.3877945,75.6156245
13.4_75.9,13.352486,75.898951
13.4_76.1,13.426102,76.115435
13.4_76.2,13.404868,76.2138095
13.4_76.4,13.387774,76.37062424999999
13.4_76.5,13.4335565,76.5343895
13.4_76.6,13.377894,76.58797200000001
13.4_76.7,13.390822499999999,76.692201
13.4_76.8,13.416084666666668,76.83548033333334
13.4_77.0,13.396951999999999,77.020067
13.4_77.1,13.412239142857143,77.09789671428572
13.4_77.2,13.399516882352941,77.20052405882353
13.4_77.3,13.405683375,77.304286625
13.4_77.4,13.401626684210527,77.39679757894737
13.4_77.5,13.4038625,77.5115568076923
13.4_77.6,13.4003455,77.59708627777778
13.4_77.7,13.404425047619048,77.70502861904762
13.4_77.8,13.386597736842106,77.80198321052632
13.4_77.9,13.396716399999999,77.89794509999999
13.4_78.0,13.3903999375,77.9844618125
13.4_78.1,13.418703666666666,78.10335183333333
13.4_78.2,13.401420363636364,78.20896954545455
13.4_78.3,13.401163333333335,78.31477266666667
13.4_78.4,13.390082000000001,78.3964366
13.4_78.5,13.40641775,78.50021625
13.4_78.6,13.417451666666667,78.56284933333333
13.4_78.7,13.420226999999999,78.712984
13.4_78.8,13.394214666666668,78.80342866666666
13.4_79.1,13.413814333333335,79.07978833333333
13.4_79.4,13.367307,79.41652
13.4_79.5,13.395431,79.533512
13.4_79.7,13.353552,79.702763
13.4_79.8,13.377659,79.7956105
13.4_80.0,13.384026500000001,79.9961955
13.5_75.6,13.492245,75.616862
13.5_76.3,13.516920333333333,76.311349
13.5_76.4,13.482904333333332,76.39773933333333
13.5_76.5,13.522898,76.464599
13.5_76.6,13.4766285,76.639365
13.5_76.7,13.484205,76.725923
13.5_76.8,13.503389,76.779447
13.5_76.9,13.530499999999998,76.90134366666668
13.5_77.0,13.463239999999999,76.9914845
13.5_77.1,13.501292375,77.115229
13.5_77.2,13.502413166666665,77.1960605
13.5_77.3,13.498910166666667,77.30166683333333
13.5_77.4,13.497727214285714,77.40954271428572
13.5_77.5,13.49384988235294,77.5058265882353
13.5_77.6,13.505101466666668,77.6085538
13.5_77.7,13.49552375,77.709303375
13.5_77.8,13.498673400000001,77.788249
13.5_77.9,13.501218599999998,77.90736580000001
13.5_78.0,13.492880090909091,78.00900390909091
13.5_78.1,13.4841552,78.11157399999999
13.5_78.2,13.507705999999999,78.18436100000001
13.5_78.3,13.51158625,78.29092349999999
13.5_78.4,13.5297302,78.4072498
13.5_78.5,13.519828,78.485537
13.5_78.6,13.493832,78.62482733333333
13.5_78.7,13.508496000000001,78.6778635
13.5_78.8,13.459866,78.820922
13.5_79.2,13.457938500000001,79.242937
13.5_79.3,13.495849,79.268031
13.5_80.0,13.510226,80.045031
13.6_75.5,13.580314,75.540328
13.6_75.7,13.594672,75.718614
13.6_76.0,13.59671,75.960836
13.6_76.3,13.554967,76.301426
13.6_76.4,13.56869,76.363998
13.6_76.5,13.599428,76.454719
13.6_76.7,13.577209,76.7202365
13.6_76.8,13.604487,76.81484466666667
13.6_76.9,13.617455,76.878202
13.6_77.0,13.579372666666666,76.990819
13.6_77.1,13.61094125,77.093488
13.6_77.2,13.591364,77.20877875
13.6_77.3,13.602569857142857,77.30475028571428
13.6_77.4,13.604083363636363,77.42242054545454
13.6_77.5,13.591102,77.49663533333334
13.6_77.6,13.608465125,77.601161125
13.6_77.7,13.60457590909091,77.69705836363636
13.6_77.8,13.587831909090909,77.79968436363636
13.6_77.9,13.5968842,77.9055178
13.6_78.0,13.584326333333332,78.00847066666667
13.6_78.1,13.631791000000002,78.1145186
13.6_78.2,13.597860333333335,78.18286733333333
13.6_78.3,13.597545333333334,78.27805466666668
13.6_78.4,13.605893,78.368427
13.6_78.5,13.607840249999999,78.52125025
13.6_78.6,13.561697500000001,78.59895
13.6_78.7,13.636698,78.655025
13.6_78.8,13.600542333333335,78.77162066666666
13.6_79.0,13.625288,79.02324
13.6_79.3,13.621674,79.259441
13.6_79.4,13.5679,79.37467
13.6_79.5,13.638949,79.467315
13.6_79.6,13.588367,79.633472
13.6_79.7,13.646012,79.709902
13.7_74.9,13.748425,74.949176
13.7_75.4,13.749525,75.403626
13.7_76.1,13.712961499999999,76.0951595
13.7_76.2,13.726613,76.215436
13.7_76.3,13.690352,76.258141
13.7_76.4,13.746564,76.428301
13.7_76.7,13.735461,76.656275
13.7_76.8,13.712897,76.785052
13.7_76.9,13.680173499999999,76.9067105
13.7_77.0,13.714299,77.035497
13.7_77.1,13.714134333333334,77.09279133333332
13.7_77.2,13.719015500000001,77.222815
13.7_77.3,13.6905118,77.29278959999999
13.7_77.4,13.71121025,77.366354
13.7_77.5,13.685644,77.51081575
13.7_77.6,13.698707714285714,77.61228528571428
13.7_77.7,13.7102482,77.7163904
13.7_77.8,13.6913365,77.77568275
13.7_77.9,13.6905872,77.8883372
13.7_78.0,13.695734,78.000468
13.7_78.1,13.706224599999999,78.10733780000001
13.7_78.2,13.703937999999999,78.1862342
13.7_78.3,13.703706,78.30619949999999
13.7_78.4,13.67157,78.427388
13.7_78.5,13.653119,78.514578
13.7_78.6,13.677315,78.560995
13.7_78.7,13.669626,78.659526
13.7_78.9,13.6982955,78.9104625
13.7_79.1,13.657219,79.1061
13.7_79.4,13.729228,79.447797
13.7_79.5,13.722341,79.477841
13.7_79.8,13.654962,79.753232
13.7_79.9,13.718959,79.853602
13.7_80.1,13.669516,80.056407
13.7_80.2,13.650656,80.211995
13.8_75.5,13.817155,75.49887050000001
13.8_75.6,13.814479,75.648453
13.8_75.7,13.841413,75.699592
13.8_75.8,13.792055,75.75315
13.8_76.0,13.849571,75.996216
13.8_76.1,13.838045,76.125633
13.8_76.5,13.76479,76.47451699999999
13.8_76.6,13.79058,76.601251
13.8_76.7,13.833105,76.70024699999999
13.8_76.8,13.794114200000001,76.82080579999999
13.8_76.9,13.82505,76.888438
13.8_77.0,13.813729,77.0154455
13.8_77.1,13.7886795,77.09752675
13.8_77.2,13.7930835,77.164354
13.8_77.3,13.76773,77.344453
13.8_77.4,13.7733605,77.390089
13.8_77.5,13.784553166666667,77.49834083333333
13.8_77.6,13.83640575,77.5993315
13.8_77.7,13.7817476,77.69080199999999
13.8_77.8,13.79665275,77.80689425
13.8_77.9,13.832368333333335,77.89909733333333
13.8_78.0,13.783814166666666,78.015975
13.8_78.1,13.8023945,78.0773255
13.8_78.2,13.795494,78.21434233333333
13.8_78.3,13.80153875,78.30770575
13.8_78.4,13.823042000000001,78.39001999999999
13.8_78.5,13.791192,78.51385133333333
13.8_78.7,13.7743945,78.7154715
13.8_78.8,13.768526,78.820621
13.8_78.9,13.821286,78.92989299999999
13.8_79.3,13.798092,79.2949
13.8_79.8,13.833586,79.774663
13.9_75.9,13.886708,75.9044665
13.9_76.3,13.938867,76.307325
13.9_76.5,13.908042,76.465369
13.9_76.9,13.8758105,76.8820005
13.9_77.0,13.864451,77.023848
13.9_77.1,13.877766,77.057782
13.9_77.2,13.856266,77.175716
13.9_77.3,13.936379,77.339479
13.9_77.4,13.9081352,77.4040774
13.9_77.5,13.911633,77.524146
13.9_77.6,13.879023,77.625485
13.9_77.7,13.921771333333334,77.70962300000001
13.9_77.8,13.868009,77.768279
13.9_77.9,13.8843175,77.8823
13.9_78.0,13.890742000000001,78.00997533333333
13.9_78.1,13.8991335,78.12308900000001
13.9_78.2,13.850334,78.181299
13.9_78.3,13.899420666666666,78.31257833333332
13.9_78.4,13.9070705,78.412851
13.9_78.5,13.923055,78.46952833333334
13.9_78.8,13.895944,78.809967
13.9_79.1,13.863011,79.133651
13.9_79.3,13.884012,79.322412
13.9_79.6,13.859524,79.564464
14.0_75.1,14.045208,75.056543
14.0_76.2,13.999826,76.22242399999999
14.0_76.3,13.993187,76.322576
14.0_76.4,14.039581,76.380052
14.0_76.6,13.988896,76.629196
14.0_76.7,13.997949,76.737051
14.0_76.8,14.012383,76.818586
14.0_76.9,13.976659,76.896964
14.0_77.0,14.001832,76.9996185
14.0_77.1,13.972991,77.07263
14.0_77.2,14.0059765,77.2040315
14.0_77.3,14.02397,77.345536
14.0_77.4,13.978159,77.40703160000001
14.0_77.5,13.985952000000001,77.51499849999999
14.0_77.6,13.992862666666667,77.60057366666666
14.0_77.7,14.010155666666668,77.68472966666667
14.0_77.8,14.004591999999999,77.80909650000001
14.0_77.9,14.02226,77.907167
14.0_78.0,13.961959499999999,77.997833
14.0_78.1,13.979925599999998,78.1117344
14.0_78.2,13.992721,78.185718
14.0_78.3,14.0010615,78.288869
14.0_78.4,14.012373,78.438726
14.0_79.1,14.000874,79.098571
14.0_80.0,14.018926,80.028349
14.0_80.1,13.955646,80.058055
14.1_76.1,14.0967375,76.114697
14.1_76.5,14.11969,76.492
14.1_76.7,14.067688,76.742582
14.1_76.8,14.050536,76.775958
14.1_77.1,14.054637,77.119904
14.1_77.4,14.109320499999999,77.3898715
14.1_77.5,14.083912,77.493858
14.1_77.6,14.102668,77.57389
14.1_77.7,14.145693,77.678163
14.1_77.9,14.066676,77.8926855
14.1_78.1,14.110538,78.11839
14.1_78.2,14.098148,78.22246899999999
14.1_78.4,14.146854,78.369936
14.1_78.5,14.144719,78.4626435
14.1_78.6,14.1026,78.5887
14.1_79.0,14.068973,78.987534
14.1_79.2,14.071356,79.152843
14.1_79.3,14.107076,79.297502
14.1_79.9,14.12254,79.920335
14.1_80.1,14.070149,80.071804
14.2_76.0,14.169089,76.023914
14.2_76.5,14.155904,76.483692
14.2_76.6,14.22027,76.604766
14.2_76.9,14.219443,76.876011
14.2_77.0,14.203717,76.958654
14.2_77.1,14.191873000000001,77.11192666666666
14.2_77.2,14.1921465,77.1728035
14.2_77.4,14.211437,77.38718
14.2_77.5,14.196422,77.481668
14.2_77.8,14.218251,77.81025233333334
14.2_77.9,14.197966999999998,77.937417
14.2_78.0,14.1961895,78.011277
14.2_78.1,14.206998500000001,78.0853415
14.2_78.2,14.203379,78.22278750000001
14.2_78.3,14.226952333333335,78.28488866666667
14.2_78.8,14.212151,78.818573
14.2_78.9,14.221889,78.946218
14.2_79.1,14.154544,79.090688
14.2_79.3,14.159233,79.276195
14.2_79.5,14.151255,79.48701
14.2_79.7,14.201584,79.668733
14.3_76.3,14.285104,76.298518
14.3_76.5,14.266099,76.49649099999999
14.3_76.9,14.268612,76.931511
14.3_77.0,14.271032,76.983655
14.3_77.1,14.267952,77.088409
14.3_77.3,14.261703,77.257965
14.3_77.5,14.282453,77.455714
14.3_77.7,14.33646,77.73097
14.3_78.1,14.309758,78.077413
14.3_78.6,14.287256,78.573203
14.3_78.7,14.276378,78.65444
14.3_80.1,14.254288,80.134244
14.4_75.9,14.371566,75.90644
14.4_76.3,14.39569,76.312292
14.4_76.4,14.370087,76.425769
14.4_76.9,14.3994475,76.8866935
14.4_77.1,14.371158,77.137025
14.4_77.9,14.383944499999998,77.8950585
14.4_78.0,14.406906,78.0061245
14.4_78.3,14.441462,78.313081
14.4_78.6,14.397054,78.61722549999999
14.4_78.8,14.374556,78.808044
14.4_78.9,14.436741,78.866281
14.4_79.5,14.364382,79.456196
14.4_79.8,14.394411000000002,79.77096
14.5_76.2,14.453781,76.180267
14.5_76.5,14.545785,76.48754
14.5_76.7,14.525619,76.737499
14.5_77.0,14.47244,76.996187
14.5_77.1,14.514593,77.133728
14.5_77.3,14.525901,77.334646
14.5_77.5,14.49755,77.4642935
14.5_77.6,14.521121,77.616244
14.5_77.7,14.51522,77.70648800000001
14.5_78.1,14.478118,78.067426
14.5_78.4,14.515884,78.37625
14.5_78.6,14.474388,78.64495
14.5_78.7,14.476754,78.720203
14.5_79.8,14.455634,79.796422
14.6_75.4,14.606364,75.417611
14.6_76.0,14.579368,76.042912
14.6_76.1,14.610864,76.13802
14.6_76.2,14.614054,76.202534
14.6_76.5,14.61186,76.464648
14.6_77.2,14.594463,77.179519
14.6_77.3,14.624819,77.341497
14.6_77.6,14.621183,77.586635
14.6_77.7,14.605505,77.706765
14.6_77.8,14.629805,77.781607
14.6_77.9,14.637853,77.85241
14.6_78.0,14.622305,78.0038045
14.6_78.2,14.5797365,78.207771
14.6_78.4,14.6269025,78.398583
14.6_78.5,14.645724,78.549543
14.6_78.9,14.63206,78.88518
14.6_79.0,14.623043,78.953983
14.6_79.2,14.590810000000001,79.2380005
14.7_75.7,14.659888,75.661565
14.7_76.1,14.6598,76.078008
14.7_76.2,14.693869,76.166867
14.7_76.4,14.748668,76.410359
14.7_76.6,14.703353,76.631721
14.7_76.8,14.703768,76.8232955
14.7_77.1,14.714383,77.075437
14.7_77.2,14.708108,77.1990705
14.7_77.8,14.688879,77.8175
14.7_78.0,14.6999055,77.9887425
14.7_78.2,14.706815500000001,78.20769
14.7_78.3,14.728739,78.269654
14.7_78.4,14.717602,78.39438000000001
14.7_78.5,14.7204265,78.4670745
14.7_78.6,14.6918225,78.571105
14.7_78.7,14.70549,78.730153
14.7_78.8,14.715063,78.830828
14.7_78.9,14.698431,78.923707
14.7_79.0,14.668337,78.970183
14.7_79.2,14.7169085,79.2010405
14.7_79.5,14.730226,79.509491
14.7_79.8,14.693746,79.78736
14.8_75.5,14.799051,75.548971
14.8_75.7,14.792308,75.7237605
14.8_75.9,14.756386,75.92761
14.8_76.0,14.774019,75.957817
14.8_76.2,14.751419,76.202592
14.8_76.5,14.780506,76.512167
14.8_76.7,14.842062,76.71262100000001
14.8_76.9,14.772881,76.879479
14.8_77.0,14.7909665,77.02819299999999
14.8_77.1,14.826904,77.089266
14.8_77.2,14.847731,77.178228
14.8_77.5,14.785726,77.489031
14.8_77.6,14.841016,77.589432
14.8_77.8,14.79038,77.767146
14.8_78.3,14.823261500000001,78.279856
14.8_78.4,14.784821,78.352951
14.8_78.5,14.8060805,78.513796
14.8_78.8,14.787047,78.754956
14.8_79.3,14.790440499999999,79.308621
14.8_79.8,14.830519,79.750809
14.9_75.6,14.861968,75.589184
14.9_75.9,14.863012,75.865352
14.9_76.4,14.88324,76.376205
14.9_76.8,14.917993,76.821014
14.9_77.1,14.88756,77.088218
14.9_77.2,14.921094333333334,77.16778233333334
14.9_77.4,14.877086,77.448607
14.9_78.0,14.901366,78.02864
14.9_78.1,14.91475,78.10987700000001
14.9_78.3,14.926099,78.252337
14.9_78.5,14.941264,78.526273
14.9_78.7,14.913763,78.7202265
14.9_78.8,14.907517,78.799574
14.9_79.1,14.859959499999999,79.0720065
14.9_79.6,14.949874,79.612414
14.9_79.7,14.897402,79.683358
15.0_77.1,15.021032,77.067357
15.0_77.2,15.049706,77.210273
15.0_77.5,15.044746,77.470641
15.0_77.7,14.997358,77.738328
15.0_77.8,14.978917,77.80857
15.0_78.3,15.045600499999999,78.296144
15.0_78.4,15.043704,78.394944
15.0_78.5,15.014138,78.473722
15.0_78.7,14.970426,78.700985
15.0_78.9,14.977742,78.916941
15.0_79.0,15.039965,78.968392
15.0_79.1,15.029989,79.128372
15.0_79.3,14.9799285,79.303779
15.0_79.4,15.034669,79.422329
15.1_76.1,15.123069,76.068458
15.1_76.8,15.129354,76.825501
15.1_76.9,15.100627333333334,76.883007
15.1_77.2,15.122744,77.166549
15.1_77.3,15.1457075,77.29009500000001
15.1_77.4,15.065133,77.382293
15.1_77.6,15.059932,77.594501
15.1_77.7,15.064106,77.7250445
15.1_78.1,15.0995375,78.0975915
15.1_78.3,15.066397,78.322592
15.1_78.4,15.131785,78.364064
15.1_78.5,15.117481,78.49335
15.1_78.6,15.085096,78.551697
15.1_79.0,15.08589,78.965877
15.1_79.2,15.064486,79.188186
15.1_79.3,15.141526,79.29793599999999
15.1_79.6,15.100694333333331,79.619202
15.1_79.8,15.127093,79.761557
15.2_76.8,15.202902,76.847634
15.2_77.2,15.1871095,77.23207500000001
15.2_77.3,15.248879,77.261269
15.2_77.6,15.187667,77.585871
15.2_77.7,15.241991,77.72313
15.2_78.1,15.160236,78.129429
15.2_78.2,15.172111,78.195984
15.2_78.9,15.153017,78.877209
15.2_79.2,15.157271,79.201196
15.2_79.4,15.235427,79.448215
15.2_79.5,15.24163,79.491833
15.2_79.8,15.245886,79.827424
15.2_79.9,15.177436,79.878743
15.3_76.5,15.287434,76.47609
15.3_76.7,15.315135333333332,76.71758966666667
15.3_76.8,15.3184,76.786691
15.3_76.9,15.306803,76.895551
15.3_77.2,15.31733,77.172422
15.3_77.4,15.334053,77.370649
15.3_77.8,15.327247,77.77862
15.3_77.9,15.322357,77.904832
15.3_78.3,15.345636,78.330472
15.3_78.4,15.306265666666667,78.42756333333334
15.3_78.5,15.288996333333335,78.50281433333333
15.3_78.6,15.2627,78.583499
15.3_78.7,15.293768,78.702763
15.3_78.8,15.29204,78.836743
15.3_79.2,15.255957,79.216168
15.3_79.3,15.334211,79.261556
15.3_79.6,15.308416,79.597926
15.3_79.9,15.303831,79.884955
15.3_80.1,15.2668,80.134798
15.3_80.2,15.260843,80.203301
15.4_77.0,15.429037,76.964586
15.4_77.5,15.379726,77.5397555
15.4_77.8,15.375091,77.753231
15.4_78.0,15.399233500000001,77.9980765
15.4_78.1,15.429246,78.142633
15.4_78.3,15.434064500000002,78.2970645
15.4_78.5,15.444094,78.541286
15.4_78.6,15.402464,78.5927045
15.4_78.8,15.44228,78.751747
15.4_79.0,15.379568,78.952072
15.4_79.6,15.40579,79.557615
15.4_79.8,15.394578,79.846363
15.4_80.2,15.396049,80.167982
15.5_76.6,15.539898,76.597938
15.5_76.7,15.516109,76.698065
15.5_76.8,15.512099,76.770209
15.5_76.9,15.496821,76.860043
15.5_77.1,15.487536,77.130167
15.5_77.4,15.460708,77.3692195
15.5_77.5,15.519559,77.486879
15.5_77.6,15.500604,77.623188
15.5_78.2,15.520555,78.188709
15.5_78.4,15.529576,78.385492
15.5_78.5,15.463832,78.545786
15.5_78.7,15.492525,78.71271
15.5_79.1,15.547445,79.050426
15.5_79.2,15.514055500000001,79.2443005
15.5_79.3,15.544762,79.258063
15.5_79.4,15.459542,79.364371
15.5_80.0,15.451574,80.035063
15.6_76.4,15.617521,76.390216
15.6_77.0,15.630798,77.027753
15.6_77.2,15.586727,77.167328
15.6_77.3,15.559574,77.274118
15.6_77.4,15.615624,77.385929
15.6_77.5,15.605113,77.480925
15.6_77.9,15.571341,77.910184
15.6_78.2,15.5631845,78.2108785
15.6_78.3,15.618029,78.333648
15.6_78.4,15.64196,78.428286
15.6_78.5,15.586615,78.468742
15.6_78.6,15.629632,78.615078
15.6_79.0,15.606981,78.991716
15.6_79.1,15.634925,79.085662
15.6_79.7,15.637557,79.699195
15.6_79.8,15.611551,79.805632
15.6_80.2,15.60611,80.227015
15.6_80.3,15.569055,80.285031
15.7_76.8,15.671992,76.760703
15.7_77.1,15.686393,77.07489
15.7_77.3,15.714222,77.293198
15.7_77.4,15.657317,77.376304
15.7_77.5,15.737034,77.49830850000001
15.7_77.6,15.653565,77.561169
15.7_77.8,15.710321,77.813942
15.7_77.9,15.731071,77.884551
15.7_78.1,15.676447,78.0815295
15.7_78.2,15.653078,78.15475
15.7_78.4,15.6780615,78.38590400000001
15.7_78.5,15.673411999999999,78.49401399999999
15.7_78.7,15.701625,78.665878
15.7_78.8,15.715221,78.807768
15.7_78.9,15.69756,78.924702
15.7_79.1,15.657408499999999,79.0917225
15.7_79.2,15.724325,79.243095
15.7_79.3,15.725983,79.294419
15.7_79.6,15.688413,79.57242600000001
15.7_80.4,15.7382375,80.3892475
15.8_77.3,15.8070995,77.287435
15.8_77.7,15.751127,77.746739
15.8_77.8,15.822343,77.767299
15.8_78.4,15.764967,78.381619
15.8_78.7,15.840384,78.656937
15.8_78.8,15.827845,78.762389
15.8_79.2,15.802122666666667,79.20768033333333
15.8_79.3,15.827637,79.264781
15.8_79.8,15.810594,79.793772
15.8_80.2,15.834267,80.205549
15.9_76.0,15.949292,76.022192
15.9_76.2,15.886775,76.18643549999999
15.9_76.4,15.880809,76.398241
15.9_76.5,15.881998,76.461357
15.9_76.7,15.866603,76.724316
15.9_77.3,15.911179,77.2609895
15.9_77.8,15.910529,77.817372
15.9_77.9,15.9085795,77.86966749999999
15.9_78.1,15.86546,78.054497
15.9_78.2,15.923594,78.211413
15.9_78.3,15.8808555,78.3197305
15.9_78.4,15.9146325,78.393231
15.9_78.5,15.9161435,78.505213
15.9_78.6,15.9168025,78.5769525
15.9_78.8,15.896464,78.784794
15.9_78.9,15.886275,78.8783
15.9_79.0,15.937274,78.9707245
15.9_79.1,15.881989,79.145283
15.9_79.2,15.893946,79.1649355
15.9_79.4,15.883024,79.414526
15.9_79.8,15.897918,79.775849
15.9_80.0,15.928283,80.024986
15.9_80.5,15.885403,80.457501
15.9_80.7,15.910577,80.671856
16.0_76.3,16.024077,76.2956
16.0_76.5,16.040843,76.505039
16.0_77.5,15.9970015,77.4657305
16.0_77.8,15.982585,77.81078433333333
16.0_77.9,15.958289,77.931526
16.0_78.0,16.0229855,77.98344425
16.0_78.2,16.019459,78.183572
16.0_78.3,15.981442,78.293739
16.0_78.4,15.957498,78.442906
16.0_78.5,15.973604666666667,78.51707766666667
16.0_78.6,15.965052,78.604591
16.0_78.7,16.0043655,78.6831905
16.0_78.8,15.990501,78.766467
16.0_79.0,16.042817,78.972006
16.0_79.2,15.968417,79.221944
16.0_79.5,16.004989,79.471567
16.0_80.6,15.996793,80.573554
16.0_80.8,15.976821,80.817385
16.1_76.2,16.073277,76.200226
16.1_76.3,16.108165,76.310775
16.1_76.6,16.058512,76.63354
16.1_77.1,16.137315,77.135415
16.1_77.3,16.131014,77.340418
16.1_77.6,16.095256,77.59986
16.1_77.8,16.097215,77.776942
16.1_78.0,16.117932,78.010435
16.1_78.1,16.0648235,78.09877499999999
16.1_78.3,16.096207,78.30549099999999
16.1_78.4,16.096987,78.4044495
16.1_78.5,16.0859885,78.526031
16.1_78.8,16.084218,78.759376
16.1_78.9,16.100298,78.869436
16.1_79.0,16.066086,78.974183
16.1_79.1,16.115157,79.092743
16.1_79.2,16.097752,79.152569
16.1_79.5,16.077968,79.533468
16.1_79.7,16.079415,79.689775
16.1_79.9,16.108694,79.910203
16.1_80.7,16.146245,80.672535
16.1_80.8,16.126903,80.770847
16.1_80.9,16.102743,80.856966
16.2_72.1,16.226122,72.117021
16.2_72.4,16.214255,72.432486
16.2_72.8,16.1754405,72.77632750000001
16.2_73.2,16.151891,73.194825
16.2_73.4,16.244859,73.373359
16.2_76.2,16.200424,76.187467
16.2_76.6,16.16063,76.603432
16.2_76.8,16.172303,76.761766
16.2_76.9,16.207605,76.858321
16.2_77.0,16.198747,76.976201
16.2_77.4,16.2014705,77.39925199999999
16.2_77.5,16.216466,77.490953
16.2_77.6,16.214069,77.565871
16.2_77.7,16.218513,77.735021
16.2_77.8,16.218462,77.764015
16.2_77.9,16.198472000000002,77.9238555
16.2_78.0,16.224704,77.987372
16.2_78.1,16.213580333333336,78.090691
16.2_78.2,16.217692,78.235417
16.2_78.4,16.2092118,78.41644959999999
16.2_78.5,16.185142499999998,78.48727825
16.2_78.6,16.241906,78.555571
16.2_78.8,16.151108,78.794761
16.2_78.9,16.212947,78.936503
16.2_79.1,16.197262,79.1370125
16.2_79.5,16.226288,79.524331
16.2_79.6,16.214397,79.632297
16.2_79.7,16.166088,79.661287
16.2_80.1,16.199022,80.138095
16.2_80.6,16.232549,80.623981
16.2_80.7,16.21106,80.664951
16.3_71.9,16.336711,71.896095
16.3_72.3,16.2778128,72.290351
16.3_72.5,16.292875,72.504165
16.3_72.6,16.301482,72.554211
16.3_72.8,16.256398,72.81017
16.3_73.3,16.273201,73.282078
16.3_76.1,16.254749,76.12651
16.3_76.3,16.316899,76.264966
16.3_76.6,16.25417,76.636736
16.3_77.4,16.318723,77.422988
16.3_77.5,16.3290765,77.5006945
16.3_77.6,16.284175,77.55978
16.3_77.7,16.278408,77.735282
16.3_77.8,16.306905,77.814168
16.3_77.9,16.3221485,77.91002399999999
16.3_78.1,16.290293333333334,78.08697866666667
16.3_78.2,16.29067775,78.20997399999999
16.3_78.5,16.30666,78.51396249999999
16.3_78.6,16.259044666666668,78.62952133333333
16.3_78.7,16.251015,78.694683
16.3_78.8,16.252866,78.796866
16.3_78.9,16.289904,78.933238
16.3_79.0,16.311770000000003,79.01798600000001
16.3_79.1,16.316584,79.103047
16.3_79.2,16.303697999999997,79.192488
16.3_79.3,16.298597,79.315142
16.3_79.4,16.315059499999997,79.3781425
16.3_79.5,16.310289,79.483432
16.3_79.7,16.270265,79.714696
16.3_79.8,16.306875,79.823292
16.3_79.9,16.272128000000002,79.887489
16.3_80.3,16.280911,80.343812
16.3_80.5,16.278178,80.500574
16.3_80.7,16.324647,80.698312
16.3_80.9,16.319086,80.937315
16.4_71.9,16.374724,71.905129
16.4_72.2,16.437663,72.184789
16.4_72.4,16.387631,72.448304
16.4_72.5,16.384693,72.52188100000001
16.4_72.7,16.388447,72.699606
16.4_72.8,16.407223,72.802935
16.4_73.0,16.4419465,73.01641649999999
16.4_73.3,16.447647,73.309831
16.4_73.5,16.356285,73.541939
16.4_73.6,16.395069,73.600113
16.4_76.2,16.356233,76.162359
16.4_76.4,16.375929,76.411777
16.4_76.7,16.403738,76.734212
16.4_77.2,16.402684,77.232739
16.4_77.3,16.444379,77.333734
16.4_77.6,16.419068,77.61834
16.4_77.8,16.386685,77.759712
16.4_77.9,16.3663895,77.891988
16.4_78.0,16.412569,77.988707
16.4_78.1,16.375868500000003,78.126355
16.4_78.3,16.3942095,78.2968865
16.4_78.4,16.396178333333335,78.39640733333333
16.4_78.6,16.403715,78.568457
16.4_78.7,16.39113,78.656579
16.4_78.8,16.42795,78.805919
16.4_78.9,16.39976525,78.87760275000001
16.4_79.1,16.386363,79.072722
16.4_79.2,16.3977165,79.21014199999999
16.4_79.3,16.409733,79.275502
16.4_79.5,16.4100355,79.4879785
16.4_79.6,16.396996,79.5991
16.4_79.7,16.426444,79.718803
16.4_79.8,16.402265,79.841409
16.4_80.3,16.377473000000002,80.2794245
16.4_81.1,16.397676,81.057722
16.5_71.8,16.502815,71.823535
16.5_71.9,16.5144165,71.90233950000001
16.5_72.1,16.494696,72.094278
16.5_72.3,16.495018,72.336841
16.5_72.4,16.532081,72.418736
16.5_72.5,16.48244,72.518213
16.5_72.6,16.511849,72.630286
16.5_72.7,16.52445833333333,72.71250166666667
16.5_72.9,16.534797,72.899051
16.5_73.1,16.462747999999998,73.0798245
16.5_73.4,16.456799,73.401524
16.5_73.5,16.459415,73.5092785
16.5_73.9,16.537576,73.871773
16.5_76.7,16.48991,76.741554
16.5_76.9,16.496509,76.9261
16.5_77.0,16.497539,76.95488
16.5_77.3,16.509490333333332,77.29277666666667
16.5_77.4,16.496275333333333,77.39001999999999
16.5_77.5,16.509871,77.453413
16.5_77.6,16.455995,77.612202
16.5_77.7,16.512606,77.68325
16.5_77.9,16.527570333333333,77.88458433333334
16.5_78.0,16.506475,77.990065
16.5_78.1,16.520017666666664,78.09332566666666
16.5_78.2,16.48481633333333,78.20603866666666
16.5_78.3,16.4924065,78.3271955
16.5_78.4,16.5031725,78.4150405
16.5_78.5,16.4846895,78.48875124999999
16.5_78.6,16.50384775,78.60164474999999
16.5_78.7,16.489914666666667,78.68834566666668
16.5_78.8,16.517516999999998,78.7921695
16.5_78.9,16.516512000000002,78.90681266666667
16.5_79.0,16.503611333333335,78.99048933333334
16.5_79.1,16.478916,79.069997
16.5_79.2,16.51120975,79.17810875
16.5_79.3,16.460621,79.346581
16.5_79.4,16.482057,79.357826
16.5_79.5,16.514151,79.456796
16.5_80.1,16.470024,80.115627
16.5_80.2,16.498056,80.18007850000001
16.5_80.4,16.486329,80.37074
16.6_71.6,16.644944,71.570255
16.6_71.7,16.585184,71.667348
16.6_71.8,16.602009,71.8029875
16.6_72.1,16.604527,72.119445
16.6_72.4,16.606814,72.403464
16.6_72.9,16.573257,72.945121
16.6_73.6,16.588484,73.600865
16.6_74.6,16.636628,74.554129
16.6_75.8,16.6166225,75.8074205
16.6_76.6,16.592412500000002,76.594074
16.6_76.8,16.628166999999998,76.795695
16.6_77.0,16.647692,77.034859
16.6_77.1,16.620808,77.0532445
16.6_77.3,16.581457,77.326501
16.6_77.5,16.57447,77.450395
16.6_77.6,16.596771,77.588093
16.6_77.7,16.600447,77.69690333333334
16.6_77.8,16.580939333333333,77.80938066666666
16.6_77.9,16.627925666666666,77.90517133333333
16.6_78.0,16.58735625,78.0032055
16.6_78.1,16.6008316,78.0999396
16.6_78.2,16.6098668,78.1974618
16.6_78.3,16.612813,78.29524633333334
16.6_78.4,16.610377,78.42752379999999
16.6_78.5,16.5869594,78.4997484
16.6_78.6,16.587486249999998,78.58364175
16.6_78.7,16.589464333333336,78.68700833333334
16.6_78.8,16.5966542,78.7879426
16.6_78.9,16.629894,78.912859
16.6_79.0,16.6178832,78.98911439999999
16.6_79.1,16.624457666666668,79.094543
16.6_79.2,16.5861235,79.203391
16.6_79.3,16.557716499999998,79.2828575
16.6_79.6,16.633792,79.592799
16.6_79.7,16.569326,79.690438
16.6_79.8,16.604085,79.782861
16.6_79.9,16.626212,79.869466
16.6_80.3,16.555495,80.312528
16.6_80.4,16.625999,80.432892
16.6_80.5,16.64044,80.461784
16.7_71.2,16.678481,71.154924
16.7_71.3,16.683528,71.303731
16.7_71.5,16.691193,71.54238
16.7_71.6,16.69773,71.554765
16.7_71.8,16.737133,71.82312
16.7_71.9,16.720215,71.944896
16.7_72.1,16.66826,72.05296
16.7_72.3,16.6672455,72.30810650000001
16.7_72.6,16.710525,72.617006
16.7_73.0,16.685377,73.003735
16.7_74.2,16.674614,74.248657
16.7_74.4,16.675834,74.399148
16.7_76.0,16.733556,75.954938
16.7_76.2,16.687303,76.1695
16.7_76.5,16.67018,76.54869
16.7_76.8,16.720762,76.79716
16.7_76.9,16.740824,76.922056
16.7_77.0,16.71616,76.972286
16.7_77.3,16.724632,77.289206
16.7_77.4,16.674542666666667,77.398782
16.7_77.5,16.71418,77.467757
16.7_77.6,16.671599,77.596889
16.7_77.7,16.733192333333335,77.70981333333333
16.7_77.8,16.694518333333335,77.80449466666667
16.7_77.9,16.7127462,77.91185879999999
16.7_78.0,16.729951800000002,77.9973638
16.7_78.1,16.691799333333332,78.07926666666667
16.7_78.2,16.695564400000002,78.1871254
16.7_78.3,16.676916714285714,78.29929685714286
16.7_78.4,16.7096988,78.4034552
16.7_78.5,16.703223,78.49880110000001
16.7_78.6,16.687412777777777,78.60102522222222
16.7_78.7,16.7031616,78.69449060000001
16.7_78.8,16.7099005,78.820246
16.7_78.9,16.709388,78.90881925
16.7_79.0,16.698117166666666,79.00368566666667
16.7_79.1,16.728357000000003,79.08144949999999
16.7_79.2,16.69998683333333,79.17909733333333
16.7_79.3,16.716554,79.322912
16.7_79.4,16.689509,79.369099
16.7_79.6,16.687486,79.59114600000001
16.7_80.0,16.728471,80.045536
16.7_80.2,16.658219,80.196581
16.7_80.4,16.73158,80.384465
16.7_80.6,16.708249,80.625469
16.8_71.4,16.8377,71.382909
16.8_71.6,16.806424,71.58474
16.8_71.8,16.837373,71.758876
16.8_72.2,16.834198,72.246033
16.8_72.4,16.76033,72.383171
16.8_73.1,16.787979,73.078195
16.8_73.3,16.804526,73.2786475
16.8_73.5,16.836902,73.48946
16.8_73.6,16.845797,73.552008
16.8_73.7,16.78424,73.668436
16.8_73.9,16.80518,73.941073
16.8_74.2,16.790379,74.1858465
16.8_74.4,16.760538,74.418079
16.8_76.1,16.826885500000003,76.1343905
16.8_76.6,16.785455,76.6327
16.8_77.0,16.780567,76.99082366666666
16.8_77.1,16.7934565,77.111385
16.8_77.3,16.801295,77.303068
16.8_77.4,16.810304,77.40310050000001
16.8_77.5,16.83581,77.4543
16.8_77.6,16.808821666666667,77.59701366666667
16.8_77.7,16.8204955,77.69306775
16.8_77.8,16.8210478,77.81608320000001
16.8_77.9,16.7998732,77.8996768
16.8_78.0,16.808273333333332,78.0039735
16.8_78.1,16.797244555555555,78.09382877777779
16.8_78.2,16.7992288,78.17467239999999
16.8_78.3,16.804372888888892,78.31732755555555
16.8_78.4,16.811017714285715,78.409509
16.8_78.5,16.81429483333333,78.524193
16.8_78.6,16.791053916666666,78.61347549999999
16.8_78.7,16.811255583333335,78.69248341666666
16.8_78.8,16.785525714285715,78.79243028571429
16.8_78.9,16.796738625,78.894163625
16.8_79.0,16.809796833333333,78.99401300000001
16.8_79.1,16.833040333333333,79.10626066666667
16.8_79.2,16.8171605,79.2343285
16.8_79.3,16.846405,79.313809
16.8_79.4,16.774363,79.431804
16.8_79.5,16.780146000000002,79.4768305
16.8_79.6,16.809751,79.557561
16.8_79.8,16.796756,79.790458
16.8_79.9,16.793889,79.89422466666667
16.8_80.1,16.7619755,80.07888700000001
16.8_80.3,16.817175,80.281145
16.8_81.0,16.793395,80.983314
16.8_81.1,16.803909,81.12516
16.9_71.6,16.885817,71.5908285
16.9_71.8,16.940608,71.823837
16.9_71.9,16.9201825,71.89895250000001
16.9_72.1,16.894621,72.087302
16.9_72.4,16.856712,72.444994
16.9_72.6,16.896503,72.64178
16.9_73.0,16.87612,73.040622
16.9_73.1,16.867915,73.072695
16.9_73.3,16.9056205,73.29957775
16.9_73.5,16.939059,73.508192
16.9_73.6,16.912023666666666,73.59538733333333
16.9_73.7,16.8632245,73.70894200000001
16.9_73.9,16.911607,73.854598
16.9_74.0,16.863062,73.997169
16.9_74.3,16.857642,74.291503
16.9_74.4,16.90486,74.406903
16.9_74.8,16.928295,74.763078
16.9_75.9,16.904817,75.8702205
16.9_76.2,16.916985,76.247012
16.9_76.3,16.891157,76.291169
16.9_76.5,16.9223085,76.51439049999999
16.9_76.7,16.9255925,76.67990850000001
16.9_77.0,16.857804,76.992567
16.9_77.2,16.899043,77.211028
16.9_77.3,16.918132,77.326247
16.9_77.4,16.876702,77.418517
16.9_77.5,16.907329,77.500633
16.9_77.6,16.876182,77.63522925000001
16.9_77.7,16.8976496,77.67942760000001
16.9_77.8,16.898625499999998,77.81402866666666
16.9_77.9,16.920275750000002,77.882804
16.9_78.0,16.898537666666666,77.99121933333333
16.9_78.1,16.902685299999998,78.10630660000001
16.9_78.2,16.90819990909091,78.19225772727272
16.9_78.3,16.89959259090909,78.30090304545455
16.9_78.4,16.90740709090909,78.39991554545455
16.9_78.5,16.904931705882355,78.5038825882353
16.9_78.6,16.89683727272727,78.60766427272728
16.9_78.7,16.9076017,78.7096057
16.9_78.8,16.9183485,78.79893616666666
16.9_78.9,16.91413875,78.88045925
16.9_79.0,16.893576818181817,78.98730527272727
16.9_79.1,16.8875345,79.1236445
16.9_79.2,16.895863428571428,79.210142
16.9_79.3,16.9134655,79.2972705
16.9_79.4,16.943264,79.38137
16.9_79.5,16.888664000000002,79.48628866666667
16.9_79.6,16.878504,79.622189
16.9_79.9,16.928698,79.947409
16.9_80.0,16.944178,80.048818
16.9_80.1,16.879248,80.092171
16.9_80.3,16.881834,80.297231
16.9_80.4,16.888532,80.381319
16.9_80.5,16.881138,80.461771
16.9_80.9,16.855614,80.90685
16.9_81.0,16.897822,81.001631
17.0_71.2,17.024969,71.215118
17.0_71.3,16.989794000000003,71.2759425
17.0_71.5,17.041464,71.482461
17.0_71.7,16.986756333333332,71.71053933333333
17.0_72.0,16.989327,71.982748
17.0_72.1,16.990602,72.09807033333334
17.0_72.2,17.0300085,72.19130150000001
17.0_72.3,16.997266,72.303502
17.0_72.5,17.0410715,72.5397955
17.0_72.6,16.9983885,72.61374950000001
17.0_72.7,16.971962,72.663645
17.0_73.1,17.033094,73.140971
17.0_73.9,17.044882,73.916214
17.0_74.0,16.992876,73.998336
17.0_74.7,16.958988,74.733161
17.0_75.8,17.0340435,75.7981445
17.0_75.9,16.954717,75.891246
17.0_76.3,17.007499,76.348624
17.0_76.5,16.999109,76.495636
17.0_76.6,17.034955,76.575862
17.0_76.9,17.039875,76.89568
17.0_77.1,17.028754,77.134693
17.0_77.2,17.0163525,77.1562265
17.0_77.3,16.9992205,77.281676
17.0_77.5,16.9791775,77.514754
17.0_77.6,17.025463,77.579823
17.0_77.7,16.99515825,77.70925525
17.0_77.8,16.993199,77.77993219999999
17.0_77.9,17.000075799999998,77.8969423
17.0_78.0,16.99210011111111,78.00449622222223
17.0_78.1,16.999703,78.10030264705881
17.0_78.2,17.007512307692306,78.20024038461538
17.0_78.3,17.00249919047619,78.31500885714286
17.0_78.4,16.997669,78.41077975
17.0_78.5,16.993909709677418,78.50398725806453
17.0_78.6,16.98953964,78.59914508
17.0_78.7,17.00067785,78.6963179
17.0_78.8,16.996593818181818,78.79379136363637
17.0_78.9,17.005123454545455,78.91149918181817
17.0_79.0,16.99379975,79.007597125
17.0_79.1,17.0055292,79.08774079999999
17.0_79.2,16.972018499999997,79.184929
17.0_79.3,17.016755666666665,79.27725133333333
17.0_79.4,17.022029,79.39061
17.0_79.5,16.96258,79.4738625
17.0_80.0,16.977444,80.043472
17.0_80.1,16.981307333333334,80.07614699999999
17.0_80.3,17.033102,80.323629
17.0_80.7,16.989663,80.669945
17.0_80.8,17.006204,80.795423
17.1_71.0,17.091359,70.956082
17.1_71.3,17.0938835,71.312932
17.1_71.4,17.096878,71.407778
17.1_71.7,17.145703,71.698225
17.1_72.0,17.131094,71.985132
17.1_72.3,17.138417,72.279352
17.1_72.5,17.112944,72.4892505
17.1_72.6,17.116335,72.627554
17.1_72.7,17.104079,72.684612
17.1_72.8,17.108380333333333,72.79363966666666
17.1_72.9,17.0800215,72.9169105
17.1_73.3,17.053534,73.252958
17.1_73.4,17.1162795,73.397419
17.1_73.5,17.055958,73.48294
17.1_73.7,17.091542,73.726126
17.1_74.0,17.124188,74.0388
17.1_74.3,17.122392,74.255369
17.1_74.4,17.127398499999998,74.382689
17.1_74.5,17.083773,74.516175
17.1_74.8,17.142063,74.839725
17.1_75.6,17.134542,75.638657
17.1_75.8,17.144755,75.833741
17.1_76.1,17.131624,76.092417
17.1_76.4,17.063287,76.403009
17.1_76.5,17.0972525,76.4935285
17.1_76.6,17.0924,76.560587
17.1_76.8,17.101065,76.7745
17.1_77.0,17.112193499999997,76.99099899999999
17.1_77.1,17.124378333333336,77.082716
17.1_77.2,17.085263,77.206707
17.1_77.3,17.109693333333333,77.26435633333334
17.1_77.4,17.141908,77.39124
17.1_77.5,17.119124333333332,77.52477066666667
17.1_77.6,17.128951,77.60508257142858
17.1_77.7,17.11431425,77.7207765
17.1_77.8,17.090035,77.79087525
17.1_77.9,17.103822428571426,77.90541785714287
17.1_78.0,17.08880090909091,78.00138936363636
17.1_78.1,17.105465916666667,78.11249758333334
17.1_78.2,17.09650807142857,78.20263921428571
17.1_78.3,17.095716551724138,78.30235831034483
17.1_78.4,17.10693720833333,78.4025075
17.1_78.5,17.100703393939394,78.49860975757576
17.1_78.6,17.093087666666666,78.59779438095238
17.1_78.7,17.091336045454543,78.68311277272727
17.1_78.8,17.09466236842105,78.80279831578947
17.1_78.9,17.1067593,78.9012382
17.1_79.0,17.10469027272727,78.99185536363636
17.1_79.1,17.1120525,79.10613475
17.1_79.2,17.11022875,79.22782
17.1_79.3,17.1016498,79.2949326
17.1_79.4,17.082362333333332,79.40302799999999
17.1_79.5,17.087643,79.48708066666667
17.1_79.6,17.106265,79.61223133333333
17.1_79.7,17.102066,79.698308
17.1_79.8,17.11992,79.79545733333333
17.1_79.9,17.135437,79.873736
17.1_80.1,17.1109525,80.1193355
17.1_81.2,17.061539,81.187309
17.2_71.0,17.235935,71.011499
17.2_71.2,17.214994,71.21205950000001
17.2_71.7,17.245672,71.723403
17.2_71.9,17.172267,71.908467
17.2_72.2,17.214928999999998,72.2164745
17.2_72.3,17.160428,72.347963
17.2_72.5,17.1842885,72.5218475
17.2_72.7,17.181345,72.665627
17.2_72.8,17.223615,72.787884
17.2_73.0,17.204722,73.036426
17.2_73.1,17.188397,73.126325
17.2_73.2,17.215497499999998,73.1969765
17.2_73.3,17.1658565,73.29993999999999
17.2_73.4,17.225058,73.379858
17.2_73.5,17.197193499999997,73.508434
17.2_73.7,17.1707065,73.708388
17.2_73.8,17.249916,73.801361
17.2_73.9,17.160576499999998,73.87203099999999
17.2_74.0,17.188775,73.977162
17.2_74.1,17.2110555,74.0808025
17.2_74.2,17.179601,74.213284
17.2_74.5,17.18753,74.549555
17.2_74.6,17.21098,74.632906
17.2_75.0,17.243782,75.025087
17.2_75.7,17.169981,75.743153
17.2_76.4,17.239138,76.379542
17.2_76.6,17.200514,76.585996
17.2_76.8,17.241895,76.768991
17.2_77.1,17.23927,77.131277
17.2_77.2,17.1959115,77.194695
17.2_77.3,17.154495,77.323351
17.2_77.5,17.2442115,77.48268949999999
17.2_77.6,17.2119744,77.6015591
17.2_77.7,17.195045888888888,77.71889633333333
17.2_77.8,17.2086435,77.80717033333333
17.2_77.9,17.194465555555556,77.89435177777779
17.2_78.0,17.199046857142857,77.99730878571428
17.2_78.1,17.2043826969697,78.09709148484848
17.2_78.2,17.207636741935485,78.19959887096775
17.2_78.3,17.21464646875,78.30152625
17.2_78.4,17.196907911764708,78.40195517647058
17.2_78.5,17.20824423809524,78.49992657142857
17.2_78.6,17.195130125,78.6042944375
17.2_78.7,17.19695946875,78.70765096875
17.2_78.8,17.20898612121212,78.81082603030303
17.2_78.9,17.200295133333334,78.8898274
17.2_79.0,17.21017890909091,79.00450822727272
17.2_79.1,17.206839666666667,79.08766683333333
17.2_79.2,17.18219475,79.18368025000001
17.2_79.3,17.2058205,79.27903325
17.2_79.4,17.214686777777775,79.39668499999999
17.2_79.7,17.185382,79.698372
17.2_80.1,17.179752,80.121886
17.2_80.5,17.17616,80.468285
17.3_70.8,17.32608,70.795026
17.3_70.9,17.3308155,70.87516500000001
17.3_71.2,17.34942,71.246692
17.3_71.7,17.286712,71.727427
17.3_71.8,17.349102,71.800307
17.3_71.9,17.333271,71.934513
17.3_72.0,17.3001775,72.0170975
17.3_72.1,17.301331,72.073033
17.3_72.2,17.310415499999998,72.161838
17.3_72.3,17.299682,72.25281
17.3_72.4,17.308876,72.412659
17.3_72.5,17.307733,72.4998785
17.3_72.6,17.2801575,72.5750525
17.3_72.7,17.275848,72.655953
17.3_72.8,17.282345,72.846807
17.3_72.9,17.284418,72.86919
17.3_73.4,17.295506500000002,73.40321349999999
17.3_74.1,17.300947,74.098282
17.3_74.7,17.273821,74.657066
17.3_75.2,17.349281,75.232851
17.3_75.8,17.317212,75.807577
17.3_76.2,17.293406,76.16841
17.3_76.5,17.3412005,76.513058
17.3_76.6,17.305881,76.573115
17.3_76.7,17.259269,76.680561
17.3_76.9,17.3276465,76.907483
17.3_77.0,17.2820055,77.02383499999999
17.3_77.2,17.331599,77.229216
17.3_77.3,17.30004,77.30287200000001
17.3_77.4,17.3027665,77.424679
17.3_77.5,17.29231825,77.50715725
17.3_77.6,17.305888200000002,77.6048004
17.3_77.7,17.301775499999998,77.70235175
17.3_77.8,17.307036555555555,77.806054
17.3_77.9,17.3120605,77.8849072
17.3_78.0,17.299090333333332,78.01437800000001
17.3_78.1,17.297485961538463,78.108756
17.3_78.2,17.29709808823529,78.19943967647059
17.3_78.3,17.301549219512196,78.30647482926828
17.3_78.4,17.298289863636366,78.40217318181818
17.3_78.5,17.294881257142855,78.50389688571428
17.3_78.6,17.29312081818182,78.59891372727272
17.3_78.7,17.297857,78.7067002
17.3_78.8,17.294873382352943,78.79974126470587
17.3_78.9,17.30333211111111,78.89249799999999
17.3_79.0,17.313743,79.00101375
17.3_79.1,17.294775,79.133632
17.3_79.2,17.277722500000003,79.2118085
17.3_79.3,17.27364,79.298807
17.3_79.4,17.2858984,79.3859908
17.3_79.5,17.2859565,79.494959
17.3_79.6,17.276887,79.636738
17.3_79.7,17.3071215,79.702472
17.3_79.8,17.302735,79.825486
17.3_79.9,17.26877,79.850604
17.3_80.8,17.313908,80.827008
17.4_70.4,17.417283,70.42186
17.4_70.5,17.375881,70.52853
17.4_70.9,17.395724,70.907842
17.4_71.2,17.427333,71.21403
17.4_71.7,17.3655305,71.703936
17.4_71.9,17.38887,71.870843
17.4_72.0,17.365617,72.023541
17.4_72.1,17.430625,72.11388400000001
17.4_72.2,17.3639825,72.2215285
17.4_72.5,17.4071045,72.5392435
17.4_72.6,17.429838500000002,72.59041500000001
17.4_72.7,17.402406,72.7241035
17.4_73.1,17.4001575,73.0762845
17.4_73.4,17.406727,73.383749
17.4_73.5,17.360723,73.501237
17.4_73.6,17.427913,73.577091
17.4_73.8,17.443079,73.763987
17.4_73.9,17.377323,73.945181
17.4_74.0,17.354565,74.007127
17.4_74.4,17.39547,74.400529
17.4_74.5,17.407434000000002,74.5102845
17.4_74.6,17.402575,74.59131
17.4_74.7,17.361027333333336,74.70613333333334
17.4_74.8,17.428054,74.82168
17.4_74.9,17.385029000000003,74.882575
17.4_75.0,17.430666000000002,75.00191799999999
17.4_76.6,17.4120825,76.559831
17.4_76.7,17.380115500000002,76.72223650000001
17.4_77.1,17.417212,77.118685
17.4_77.3,17.408718,77.29245475
17.4_77.5,17.383715,77.527047
17.4_77.6,17.356595499999997,77.611958
17.4_77.7,17.39672025,77.72039375
17.4_77.8,17.398619545454547,77.80723127272728
17.4_77.9,17.406884416666667,77.90522241666666
17.4_78.0,17.404602652173914,77.99568308695652
17.4_78.1,17.398662666666667,78.10018066666667
17.4_78.2,17.397315170212767,78.19823025531916
17.4_78.3,17.39774114814815,78.30729122222222
17.4_78.4,17.39885563414634,78.40002409756097
17.4_78.5,17.397999976744188,78.49901934883721
17.4_78.6,17.401447138888887,78.58569497222223
17.4_78.7,17.39622458064516,78.70362264516129
17.4_78.8,17.394609366666668,78.80136296666666
17.4_78.9,17.397242363636362,78.9017820909091
17.4_79.0,17.4148888,78.9941955
17.4_79.1,17.41408291666667,79.09064775
17.4_79.2,17.408476125,79.205744375
17.4_79.3,17.39158725,79.315288
17.4_79.4,17.3919945,79.37268850000001
17.4_79.5,17.430454,79.454513
17.4_79.7,17.386336,79.668573
17.4_79.8,17.39776,79.76617966666667
17.4_79.9,17.39255,79.927852
17.4_80.0,17.429106,79.955752
17.4_80.2,17.384577,80.181545
17.4_80.3,17.398471,80.262897
17.4_81.1,17.383792,81.122935
17.5_70.7,17.5175645,70.6911045
17.5_70.8,17.503663,70.791038
17.5_71.0,17.484827,71.007704
17.5_71.1,17.465931,71.069551
17.5_71.3,17.496665,71.308847
17.5_71.7,17.500034,71.747678
17.5_71.8,17.470565999999998,71.79116350000001
17.5_72.0,17.476295999999998,71.975757
17.5_72.1,17.47328,72.069738
17.5_72.2,17.4747725,72.177976
17.5_72.3,17.488374,72.321128
17.5_72.4,17.499084,72.4040595
17.5_72.5,17.471199,72.5004215
17.5_72.6,17.4846785,72.5941675
17.5_72.7,17.476567000000003,72.675551
17.5_72.8,17.499667000000002,72.810675
17.5_72.9,17.491917,72.8844274
17.5_73.0,17.511782750000002,73.0116485
17.5_73.1,17.525444999999998,73.117874
17.5_73.2,17.496303666666666,73.18185833333334
17.5_73.4,17.541404,73.437991
17.5_73.5,17.538174,73.520965
17.5_73.6,17.492163,73.613015
17.5_73.7,17.467607,73.692772
17.5_74.0,17.485799,74.015375
17.5_74.1,17.549667,74.078893
17.5_75.0,17.48251,74.978692
17.5_75.2,17.526301,75.212373
17.5_75.8,17.546834,75.783172
17.5_76.7,17.5078615,76.72515150000001
17.5_77.0,17.52234,76.982759
17.5_77.1,17.500554,77.140457
17.5_77.3,17.486873,77.31965466666666
17.5_77.4,17.524307,77.397234
17.5_77.5,17.510517,77.487586
17.5_77.6,17.493596,77.60006333333332
17.5_77.7,17.502163,77.732767
17.5_77.8,17.504453083333335,77.78117691666667
17.5_77.9,17.501589227272728,77.90350977272728
17.5_78.0,17.50497626666667,77.9922874
17.5_78.1,17.502336285714286,78.10400757142857
17.5_78.2,17.498614097560974,78.20045514634145
17.5_78.3,17.501004000000002,78.30352637209302
17.5_78.4,17.510094536585363,78.39869995121951
17.5_78.5,17.50904688095238,78.50057723809525
17.5_78.6,17.493834265306123,78.60314155102041
17.5_78.7,17.491901793103448,78.69831358620691
17.5_78.8,17.502566291666668,78.79929870833334
17.5_78.9,17.49767492307692,78.88534330769231
17.5_79.0,17.515830769230767,78.99831292307691
17.5_79.1,17.48638042857143,79.10753042857142
17.5_79.2,17.490147,79.19450428571429
17.5_79.3,17.51096325,79.28097025
17.5_79.4,17.506497000000003,79.4148304
17.5_79.5,17.52106875,79.5112735
17.5_79.6,17.544779,79.552662
17.5_79.7,17.495591,79.726503
17.5_79.8,17.4867365,79.814808
17.5_79.9,17.500212666666666,79.87314500000001
17.5_80.4,17.47157,80.437523
17.5_80.5,17.518776,80.54267
17.5_80.8,17.461297,80.830202
17.5_81.0,17.466637,81.01045450000001
17.6_71.7,17.586254500000003,71.7331315
17.6_71.9,17.555516,71.876028
17.6_72.0,17.569872999999998,71.98672766666667
17.6_72.1,17.554398,72.093714
17.6_72.2,17.636768,72.244354
17.6_72.3,17.629062,72.251699
17.6_72.5,17.6188455,72.533472
17.6_72.7,17.6060675,72.680542
17.6_72.8,17.601648,72.761563
17.6_72.9,17.579319,72.931358
17.6_73.0,17.6075075,73.024486
17.6_73.1,17.599342,73.126097
17.6_73.2,17.583204,73.21737075
17.6_73.3,17.614135,73.3431155
17.6_73.4,17.5748235,73.3703155
17.6_73.5,17.59089575,73.494676
17.6_73.6,17.561874,73.631126
17.6_73.8,17.567478,73.808866
17.6_73.9,17.6026455,73.91934
17.6_74.1,17.550719,74.130548
17.6_74.2,17.607679,74.225555
17.6_74.4,17.567132,74.369024
17.6_74.5,17.598966,74.490548
17.6_74.8,17.597315,74.77979566666666
17.6_75.3,17.615789,75.3282035
17.6_76.6,17.571387,76.577945
17.6_76.7,17.581329666666665,76.71198033333333
17.6_77.0,17.555799,77.004879
17.6_77.1,17.634504,77.136072
17.6_77.2,17.575867,77.155953
17.6_77.3,17.648376,77.313917
17.6_77.4,17.564334,77.395058
17.6_77.5,17.60988575,77.499683
17.6_77.6,17.5671995,77.566714
17.6_77.7,17.618882,77.660947
17.6_77.8,17.59992325,77.789144625
17.6_77.9,17.587432111111113,77.90063011111111
17.6_78.0,17.586383846153847,78.00965207692308
17.6_78.1,17.596236178571427,78.10568257142857
17.6_78.2,17.598442833333333,78.19763406666667
17.6_78.3,17.591266970588237,78.29915017647058
17.6_78.4,17.599730951219513,78.4024040487805
17.6_78.5,17.587471675675676,78.49392318918919
17.6_78.6,17.58941820833333,78.59762629166667
17.6_78.7,17.59514895652174,78.70259591304348
17.6_78.8,17.610066826086953,78.79179239130436
17.6_78.9,17.6012832,78.88451710000001
17.6_79.0,17.607598357142855,79.000077
17.6_79.1,17.59967925,79.093637625
17.6_79.2,17.6024056,79.19458610000001
17.6_79.3,17.597175,79.2883636
17.6_79.4,17.613549799999998,79.41902639999999
17.6_79.5,17.621552,79.511221
17.6_79.7,17.612153,79.67332
17.6_79.8,17.6393035,79.8211745
17.6_79.9,17.6054985,79.94155950000001
17.6_80.0,17.566945,80.010213
17.6_80.4,17.584582,80.431881
17.6_80.7,17.590122,80.6743845
17.6_81.1,17.588291,81.081761
17.7_70.4,17.685093,70.406368
17.7_70.6,17.702369,70.582604
17.7_70.7,17.672722,70.7038855
17.7_70.9,17.676576,70.938243
17.7_71.0,17.681173,70.967003
17.7_71.1,17.737820499999998,71.12606450000001
17.7_71.2,17.666562,71.201618
17.7_71.3,17.6845435,71.281998
17.7_71.4,17.7027915,71.44277650000001
17.7_71.5,17.705319,71.547787
17.7_71.6,17.71012,71.6287
17.7_71.7,17.721745,71.708588
17.7_71.9,17.676613,71.902265
17.7_72.0,17.711918999999998,72.00432466666666
17.7_72.1,17.7084215,72.1226925
17.7_72.2,17.659073,72.20195666666666
17.7_72.3,17.67901225,72.2972395
17.7_72.4,17.662971,72.396353
17.7_72.6,17.667264,72.5809835
17.7_72.7,17.6925642,72.6856514
17.7_72.8,17.693216666666668,72.79382600000001
17.7_72.9,17.70501525,72.897993
17.7_73.0,17.678525,73.01200399999999
17.7_73.1,17.69326033333333,73.082275
17.7_73.4,17.703018,73.371761
17.7_73.5,17.698290999999998,73.5195335
17.7_73.6,17.693879666666664,73.617622
17.7_73.8,17.686661,73.818945
17.7_73.9,17.7330275,73.90912800000001
17.7_74.0,17.731556,73.953655
17.7_74.1,17.674269,74.103157
17.7_74.3,17.716845,74.3171305
17.7_74.7,17.669655,74.693513
17.7_75.2,17.69039,75.153339
17.7_75.5,17.662593,75.498099
17.7_75.8,17.653285,75.812746
17.7_76.1,17.652998,76.083344
17.7_76.3,17.655848,76.29454
17.7_76.6,17.7357345,76.5836815
17.7_76.9,17.731624,76.892664
17.7_77.0,17.67458,77.004041
17.7_77.2,17.6797425,77.1589005
17.7_77.4,17.695524666666667,77.38115533333333
17.7_77.5,17.739215,77.534391
17.7_77.6,17.709095666666666,77.58918033333333
17.7_77.7,17.694892,77.69259114285715
17.7_77.8,17.690247499999998,77.78083775
17.7_77.9,17.6860413,77.8977773
17.7_78.0,17.677418600000003,78.0037284
17.7_78.1,17.690689,78.09089941666666
17.7_78.2,17.701899666666666,78.19530716666667
17.7_78.3,17.69762648387097,78.29433932258064
17.7_78.4,17.69256457692308,78.39856330769231
17.7_78.5,17.68838875,78.497931625
17.7_78.6,17.70342259259259,78.60456081481482
17.7_78.7,17.702144304347826,78.70460013043478
17.7_78.8,17.707602315789472,78.80153026315789
17.7_78.9,17.69767884210526,78.9081762631579
17.7_79.0,17.705605374999998,78.989694125
17.7_79.1,17.703605125,79.098820875
17.7_79.2,17.67430583333333,79.18686233333334
17.7_79.3,17.688381,79.29244399999999
17.7_79.4,17.712962,79.379132
17.7_79.5,17.690887333333333,79.52314733333334
17.7_79.6,17.688909,79.5897525
17.7_79.7,17.731733,79.678354
17.7_79.9,17.697558,79.924677
17.7_80.1,17.652109,80.120542
17.7_80.9,17.662691,80.906421
17.7_81.2,17.722881,81.2399
17.8_70.4,17.758608,70.43744
17.8_70.7,17.842773,70.675882
17.8_70.8,17.7744905,70.79011550000001
17.8_71.0,17.813972,70.996261
17.8_71.6,17.84493,71.610611
17.8_71.7,17.80069,71.7229725
17.8_71.8,17.782578333333333,71.79554366666666
17.8_71.9,17.769635,71.935123
17.8_72.0,17.79479225,72.01677699999999
17.8_72.2,17.81947,72.20533433333334
17.8_72.3,17.799755666666666,72.29086866666667
17.8_72.4,17.793373,72.38098775
17.8_72.5,17.805234333333335,72.515248
17.8_72.6,17.81681383333333,72.60265466666667
17.8_72.7,17.813522,72.67659
17.8_72.8,17.790797,72.768119
17.8_72.9,17.796571,72.92250066666666
17.8_73.0,17.7936425,72.9752945
17.8_73.1,17.77652175,73.077371
17.8_73.2,17.799873166666668,73.19117166666666
17.8_73.3,17.780885,73.284284
17.8_73.4,17.7941425,73.3962785
17.8_73.5,17.8023402,73.464143
17.8_73.6,17.8299895,73.6202085
17.8_73.8,17.788907,73.822857
17.8_73.9,17.75098,73.854633
17.8_74.0,17.803327999999997,73.98617
17.8_74.1,17.760812,74.053958
17.8_74.3,17.794362,74.31226
17.8_74.4,17.8132065,74.4364085
17.8_74.6,17.797734,74.557352
17.8_74.7,17.805856,74.70207
17.8_75.3,17.808911,75.312377
17.8_76.5,17.815595,76.516509
17.8_76.8,17.772473,76.79663566666666
17.8_77.1,17.83341,77.093145
17.8_77.3,17.767389,77.310544
17.8_77.4,17.817164000000002,77.42196766666666
17.8_77.5,17.7688915,77.5126535
17.8_77.6,17.815958,77.618379
17.8_77.7,17.77341266666667,77.685527
17.8_77.8,17.809972125,77.78767275
17.8_77.9,17.801093285714284,77.90667657142856
17.8_78.0,17.807540166666666,77.99156183333334
17.8_78.1,17.8064527,78.11114649999999
17.8_78.2,17.80013380952381,78.20367300000001
17.8_78.3,17.799627333333333,78.30229190909091
17.8_78.4,17.789077388888888,78.39754911111112
17.8_78.5,17.8021949,78.5083469
17.8_78.6,17.7954354,78.58027059999999
17.8_78.7,17.80434288235294,78.71420082352941
17.8_78.8,17.807022857142858,78.80987378571429
17.8_78.9,17.80010427272727,78.90955527272727
17.8_79.0,17.811717,78.97548725
17.8_79.1,17.797111,79.10945728571429
17.8_79.2,17.79096575,79.196440375
17.8_79.3,17.831784333333335,79.29904366666666
17.8_79.4,17.784641999999998,79.411772
17.8_79.6,17.832088,79.608172
17.8_79.7,17.8076625,79.690488
17.8_80.0,17.808157,79.958758
17.8_80.1,17.828636,80.113883
17.8_80.4,17.776567,80.411319
17.8_80.6,17.821103,80.602895
17.8_81.0,17.838351,81.006055
17.8_81.1,17.824736,81.145142
17.8_81.2,17.827425,81.238859
17.9_70.3,17.934733,70.311256
17.9_70.4,17.906013666666666,70.39710233333334
17.9_70.6,17.873945499999998,70.5756375
17.9_71.1,17.887536,71.068198
17.9_71.2,17.86251,71.242935
17.9_71.3,17.926511,71.318497
17.9_71.5,17.92689,71.507069
17.9_71.7,17.924066500000002,71.6938965
17.9_71.8,17.882884,71.799068
17.9_71.9,17.883909000000003,71.88525899999999
17.9_72.0,17.906235000000002,71.97392500000001
17.9_72.1,17.9141625,72.09067049999999
17.9_72.2,17.87695925,72.1903425
17.9_72.3,17.9146,72.323272
17.9_72.4,17.88819425,72.384254
17.9_72.5,17.909157,72.529723
17.9_72.6,17.917525249999997,72.59725225
17.9_72.7,17.8958555,72.722657
17.9_72.8,17.89669775,72.81483375
17.9_72.9,17.937664,72.876238
17.9_73.0,17.915761,72.97499366666666
17.9_73.1,17.90849,73.074053
17.9_73.2,17.895513599999997,73.1979494
17.9_73.3,17.879364,73.30142866666667
17.9_73.4,17.912986,73.434982
17.9_73.5,17.916169,73.49373875
17.9_73.6,17.881286,73.575466
17.9_73.8,17.871061,73.8197
17.9_73.9,17.925940500000003,73.8859645
17.9_74.0,17.89225933333333,73.97167333333333
17.9_74.1,17.873877,74.117155
17.9_74.6,17.891844,74.5944315
17.9_74.8,17.895646499999998,74.79691249999999
17.9_74.9,17.93737,74.883625
17.9_75.3,17.925852,75.332198
17.9_75.4,17.930912,75.374157
17.9_76.5,17.90124,76.5090675
17.9_76.9,17.902985,76.922482
17.9_77.0,17.920434,77.01720599999999
17.9_77.2,17.939252,77.245344
17.9_77.4,17.92130875,77.41587525
17.9_77.5,17.92809,77.525841
17.9_77.6,17.852794,77.569245
17.9_77.7,17.91451066666667,77.71168366666667
17.9_77.8,17.895088,77.80394825
17.9_77.9,17.8855685,77.895604
17.9_78.0,17.8761495,78.029295
17.9_78.1,17.913858076923077,78.11463069230768
17.9_78.2,17.890297076923076,78.20549338461538
17.9_78.3,17.88560288235294,78.30967064705882
17.9_78.4,17.897030869565217,78.40312495652174
17.9_78.5,17.89583275,78.510509625
17.9_78.6,17.90009106666667,78.61231500000001
17.9_78.7,17.883779266666668,78.69722866666666
17.9_78.8,17.898365066666667,78.78632246666666
17.9_78.9,17.8895275,78.88430325
17.9_79.0,17.895842666666667,79.01502699999999
17.9_79.1,17.895054125,79.10271
17.9_79.2,17.861368,79.18029200000001
17.9_79.3,17.914719,79.297949
17.9_79.4,17.915498,79.40938466666667
17.9_79.6,17.924523,79.574717
17.9_79.7,17.942578,79.719011
17.9_79.8,17.89235,79.849251
17.9_79.9,17.9460025,79.9191345
17.9_80.0,17.940568,80.038458
17.9_80.1,17.930237,80.109575
17.9_80.2,17.913572,80.247385
17.9_80.6,17.878223,80.587019
17.9_81.1,17.934938,81.072541
17.9_81.2,17.884906,81.173793
18.0_70.5,17.954775,70.513786
18.0_70.6,17.99529,70.562221
18.0_71.1,18.010144,71.11951499999999
18.0_71.2,17.952051,71.184009
18.0_71.4,18.009656333333336,71.407133
18.0_71.6,18.0081845,71.64158900000001
18.0_71.8,18.019852,71.8262535
18.0_72.1,18.001617,72.08662
18.0_72.2,17.9873385,72.166784
18.0_72.3,17.99407233333333,72.318924
18.0_72.4,18.000499333333334,72.38683
18.0_72.5,18.000694,72.493441
18.0_72.6,17.99109225,72.603938
18.0_72.7,18.0025148,72.6801162
18.0_72.8,17.988236,72.79406949999999
18.0_72.9,17.980728499999998,72.8769005
18.0_73.0,18.00070375,73.0145205
18.0_73.1,17.984488,73.08883075
18.0_73.2,18.013695000000002,73.19946239999999
18.0_73.3,18.033996,73.29409233333332
18.0_73.4,18.021253833333333,73.39284033333333
18.0_73.5,17.9999855,73.51471799999999
18.0_73.7,17.9904135,73.705454
18.0_73.8,18.02782325,73.8247035
18.0_73.9,18.036894,73.877218
18.0_74.0,18.044833,73.986599
18.0_74.1,17.984713,74.0895695
18.0_74.2,18.033929,74.1905715
18.0_74.3,18.026650500000002,74.25994299999999
18.0_74.5,17.998851666666667,74.519066
18.0_74.7,18.04586,74.717521
18.0_74.9,18.009883,74.908708
18.0_75.2,18.047934,75.174538
18.0_75.3,17.984092,75.263261
18.0_75.4,18.024889,75.360189
18.0_75.7,18.028535,75.718992
18.0_75.9,17.973016,75.902402
18.0_76.5,18.0366025,76.4866315
18.0_76.7,18.001485,76.66392
18.0_77.1,17.974599,77.069693
18.0_77.2,18.036899,77.22304
18.0_77.3,17.9917865,77.311601
18.0_77.5,17.967135499999998,77.472632
18.0_77.6,18.028364999999997,77.597741
18.0_77.7,18.010513666666668,77.70522333333334
18.0_77.8,17.993810500000002,77.81406975
18.0_77.9,17.979823,77.86944433333333
18.0_78.0,17.99434481818182,78.00451945454546
18.0_78.1,18.005423375,78.091887125
18.0_78.2,18.012940750000002,78.18733633333333
18.0_78.3,17.9891858,78.2948542
18.0_78.4,17.99036309090909,78.40341963636364
18.0_78.5,17.99932309090909,78.49938445454546
18.0_78.6,17.9968735,78.60619933333334
18.0_78.7,17.997439888888888,78.68997344444443
18.0_78.8,18.00576853846154,78.79473300000001
18.0_78.9,17.993007,78.9104792
18.0_79.0,17.9979156,78.9916272
18.0_79.1,18.010738,79.09390379999999
18.0_79.2,17.973973333333333,79.19175366666667
18.0_79.3,18.003879333333334,79.317884
18.0_79.4,17.967944,79.384814
18.0_79.5,17.980457333333334,79.490303
18.0_79.7,17.990789,79.7092195
18.0_79.8,17.990364,79.813347
18.0_80.2,18.032329,80.18664150000001
18.0_80.4,18.012472,80.375987
18.0_81.2,18.024677,81.187792
18.1_70.3,18.130575,70.2823695
18.1_70.4,18.101760499999997,70.43247600000001
18.1_70.6,18.075222,70.554379
18.1_70.9,18.095891,70.856741
18.1_71.3,18.0601585,71.3254415
18.1_71.4,18.124058,71.414327
18.1_71.5,18.136204,71.532353
18.1_71.6,18.103041333333334,71.6090995
18.1_71.7,18.076861,71.746374
18.1_71.8,18.0966295,71.78515999999999
18.1_71.9,18.104429250000003,71.90523625
18.1_72.0,18.080074999999997,72.00286166666666
18.1_72.1,18.1127006,72.1108342
18.1_72.2,18.107226666666666,72.21088466666667
18.1_72.3,18.107491333333332,72.29322866666666
18.1_72.4,18.0958185,72.40736433333333
18.1_72.5,18.09200225,72.48695025
18.1_72.6,18.0860665,72.644632
18.1_72.7,18.1135721,72.69335509999999
18.1_72.8,18.087228285714286,72.79704100000001
18.1_72.9,18.060108,72.933361
18.1_73.0,18.1082951,72.9970845
18.1_73.1,18.070082333333332,73.11790266666667
18.1_73.2,18.118089333333334,73.198077
18.1_73.3,18.09921825,73.29877125
18.1_73.4,18.1120374,73.42196759999999
18.1_73.5,18.118142,73.4896682
18.1_73.6,18.11890075,73.612858
18.1_73.7,18.0758685,73.6552035
18.1_73.8,18.102644,73.784352
18.1_74.0,18.11255566666667,74.01136433333333
18.1_74.2,18.141065,74.220933
18.1_74.3,18.1273215,74.305396
18.1_74.7,18.059473,74.717562
18.1_74.9,18.074129,74.889383
18.1_75.1,18.050787,75.069212
18.1_75.2,18.128422,75.199335
18.1_75.3,18.141746,75.338383
18.1_75.8,18.091742,75.815791
18.1_75.9,18.071055,75.899187
18.1_76.5,18.119076,76.490658
18.1_76.7,18.134869,76.70984
18.1_76.9,18.1353535,76.899156
18.1_77.0,18.130632,76.96911
18.1_77.2,18.081956,77.248213
18.1_77.4,18.103512,77.40989
18.1_77.6,18.0790182,77.61051560000001
18.1_77.8,18.097341,77.824355
18.1_77.9,18.088193333333333,77.868905
18.1_78.0,18.084691666666668,77.98908166666666
18.1_78.1,18.1000642,78.0841076
18.1_78.2,18.0988844,78.2064481
18.1_78.3,18.099524166666665,78.2757135
18.1_78.4,18.0961753,78.4042413
18.1_78.5,18.103491692307692,78.49203723076923
18.1_78.6,18.1021627,78.5992938
18.1_78.7,18.096409,78.70443257142857
18.1_78.8,18.1058855,78.7990391
18.1_78.9,18.091029000000002,78.896262
18.1_79.0,18.110198500000003,79.001783
18.1_79.1,18.11950333333333,79.05993733333334
18.1_79.3,18.081422166666666,79.31404633333334
18.1_79.6,18.1244925,79.571535
18.1_79.7,18.0972765,79.716511
18.1_79.8,18.072597,79.790092
18.1_80.0,18.147632,79.990861
18.1_80.6,18.099228,80.567094
18.1_80.9,18.063032,80.945567
18.1_81.0,18.138283,81.01357
18.2_70.5,18.198096,70.479916
18.2_70.6,18.226707,70.639248
18.2_70.8,18.204716,70.841671
18.2_71.1,18.210141999999998,71.0878125
18.2_71.5,18.193600500000002,71.4544765
18.2_71.6,18.178162,71.5895635
18.2_71.8,18.212793,71.788413
18.2_71.9,18.177869,71.914718
18.2_72.0,18.19995533333333,72.00845266666666
18.2_72.1,18.226452833333337,72.10028983333333
18.2_72.2,18.1964705,72.1949655
18.2_72.3,18.196878166666668,72.30139150000001
18.2_72.4,18.19162257142857,72.41658485714285
18.2_72.5,18.199724555555555,72.50649444444444
18.2_72.6,18.1998053,72.6095956
18.2_72.7,18.20946318181818,72.69954554545455
18.2_72.8,18.208791428571427,72.81927457142856
18.2_72.9,18.21134925,72.90555166666667
18.2_73.0,18.208787083333334,73.01125716666667
18.2_73.1,18.20673785714286,73.108473
18.2_73.2,18.207342,73.21186399999999
18.2_73.3,18.211553166666665,73.30888583333333
18.2_73.4,18.22716828571429,73.40950571428571
18.2_73.5,18.200584666666668,73.521239
18.2_73.6,18.187305000000002,73.6067496
18.2_73.7,18.214341333333333,73.72327166666666
18.2_73.8,18.206828666666667,73.80758033333332
18.2_73.9,18.211886,73.90728933333332
18.2_74.0,18.225775,74.013319
18.2_74.1,18.211887,74.06829450000001
18.2_74.2,18.2175,74.2128885
18.2_74.3,18.155742,74.264241
18.2_74.6,18.21284233333333,74.60300133333334
18.2_74.7,18.178997,74.6938055
18.2_74.8,18.2126485,74.81692050000001
18.2_75.3,18.224134,75.299751
18.2_75.5,18.204332,75.475616
18.2_76.8,18.170465,76.77042
18.2_77.2,18.2055205,77.208812
18.2_77.6,18.160587,77.614234
18.2_77.7,18.189173999999998,77.68271333333333
18.2_77.8,18.214339,77.798612
18.2_77.9,18.177559,77.9191
18.2_78.0,18.249472,77.992555
18.2_78.1,18.158262666666666,78.10006
18.2_78.2,18.222215,78.167312
18.2_78.3,18.196981875,78.317766
18.2_78.4,18.177170333333333,78.409221
18.2_78.5,18.1966938,78.4940154
18.2_78.6,18.177933200000002,78.5945818
18.2_78.7,18.19033933333333,78.72393766666666
18.2_78.8,18.199502555555554,78.81930455555556
18.2_78.9,18.211008666666668,78.90899083333333
18.2_79.0,18.19418125,78.972756
18.2_79.1,18.178652,79.12043366666667
18.2_79.4,18.204451,79.410227
18.2_79.6,18.168113,79.560384
18.2_79.7,18.2223775,79.70246900000001
18.2_79.8,18.218754,79.773232
18.2_79.9,18.210915,79.872095
18.2_80.0,18.192964500000002,80.0114975
18.2_80.1,18.187222333333334,80.09766333333333
18.2_80.2,18.209767,80.203404
18.2_80.4,18.203166,80.391961
18.2_81.1,18.163634,81.091465
18.3_70.2,18.268187,70.175938
18.3_70.3,18.295622,70.250751
18.3_70.5,18.318171,70.491611
18.3_71.0,18.251428,71.019477
18.3_71.2,18.294195,71.181985
18.3_71.3,18.3099665,71.3146855
18.3_71.4,18.253966,71.39478
18.3_71.5,18.287788499999998,71.52029999999999
18.3_71.6,18.313272,71.6046375
18.3_71.8,18.338685,71.834255
18.3_71.9,18.26775425,71.887518
18.3_72.0,18.280293,71.98976
18.3_72.1,18.282470333333332,72.08277666666667
18.3_72.2,18.286498666666667,72.17492066666667
18.3_72.3,18.2975527,72.30520779999999
18.3_72.4,18.30503176923077,72.40614253846154
18.3_72.5,18.304635142857144,72.48728728571429
18.3_72.6,18.309504818181818,72.59070236363637
18.3_72.7,18.309525166666667,72.69472825
18.3_72.8,18.304384363636363,72.79877581818181
18.3_72.9,18.30134505263158,72.90332415789473
18.3_73.0,18.30356244444444,73.00189422222223
18.3_73.1,18.29494769230769,73.0953876923077
18.3_73.2,18.302413375,73.2080714375
18.3_73.3,18.299074,73.28342127272727
18.3_73.4,18.286708400000002,73.410847
18.3_73.5,18.307988,73.52929025
18.3_73.6,18.256674,73.593387
18.3_73.7,18.303726666666666,73.69025466666666
18.3_73.8,18.2983665,73.7841485
18.3_73.9,18.30106,73.89670533333333
18.3_74.0,18.336361333333333,74.03804566666666
18.3_74.1,18.336582,74.093971
18.3_74.2,18.2928315,74.15533625
18.3_74.3,18.28869725,74.27549675
18.3_74.4,18.3015856,74.403709
18.3_74.5,18.337638,74.489198
18.3_74.6,18.267054,74.621143
18.3_74.7,18.252221,74.657244
18.3_74.8,18.306857333333337,74.80514133333334
18.3_75.4,18.253899,75.375315
18.3_75.5,18.318704,75.467964
18.3_76.6,18.262362,76.620182
18.3_76.7,18.34371,76.719669
18.3_76.8,18.317373,76.808838
18.3_77.2,18.294707666666667,77.20381533333334
18.3_77.3,18.301135,77.2890055
18.3_77.4,18.2744725,77.4006775
18.3_77.5,18.275884,77.488745
18.3_77.6,18.303384666666666,77.60135966666667
18.3_77.7,18.299001,77.710414
18.3_77.9,18.285759,77.867287
18.3_78.0,18.314460999999998,77.976578
18.3_78.1,18.2696575,78.11587800000001
18.3_78.2,18.348503,78.172766
18.3_78.3,18.2900785,78.314177
18.3_78.4,18.301619666666667,78.38916888888889
18.3_78.5,18.3137575,78.50085725
18.3_78.6,18.279678500000003,78.584172
18.3_78.7,18.31377775,78.680934
18.3_78.9,18.293514,78.911971
18.3_79.0,18.3171675,79.0288925
18.3_79.1,18.347586,79.066686
18.3_79.2,18.2767485,79.180843
18.3_79.3,18.31865833333333,79.29901966666667
18.3_79.4,18.3136875,79.404413
18.3_79.6,18.27545,79.568446
18.3_79.7,18.306497,79.748571
18.3_79.8,18.3008595,79.7840635
18.3_80.0,18.278579,80.018713
18.3_80.1,18.303661499999997,80.07547600000001
18.3_80.2,18.2985995,80.2388055
18.4_70.4,18.407691,70.4154495
18.4_70.7,18.448365,70.663613
18.4_71.0,18.421053,70.956559
18.4_71.1,18.373916,71.097765
18.4_71.2,18.391375,71.19572325
18.4_71.3,18.3984825,71.31287625
18.4_71.4,18.422119000000002,71.3579395
18.4_71.5,18.388039,71.470939
18.4_71.6,18.378483499999998,71.60276400000001
18.4_71.7,18.417123,71.7248515
18.4_71.8,18.393777,71.78230066666667
18.4_71.9,18.42039766666667,71.89730766666666
18.4_72.0,18.3934942,71.9974618
18.4_72.1,18.417379333333333,72.10057266666666
18.4_72.2,18.4167925,72.20626
18.4_72.3,18.392718142857145,72.30240314285714
18.4_72.4,18.40291457142857,72.42244485714285
18.4_72.5,18.410431545454546,72.51634781818183
18.4_72.6,18.398896,72.60060821428571
18.4_72.7,18.4032829,72.69311125
18.4_72.8,18.396421133333334,72.80521806666667
18.4_72.9,18.390596249999998,72.8977723
18.4_73.0,18.39144338095238,73.00339628571429
18.4_73.1,18.405463461538464,73.10458292307693
18.4_73.2,18.417194714285714,73.19672376190476
18.4_73.3,18.390324266666667,73.29877693333333
18.4_73.4,18.403010769230768,73.39606946153846
18.4_73.5,18.40089957142857,73.50287585714285
18.4_73.6,18.390132,73.601788375
18.4_73.7,18.419624,73.686337
18.4_73.8,18.400679750000002,73.78774975
18.4_73.9,18.412516,73.883653
18.4_74.0,18.431691,73.962223
18.4_74.2,18.427665,74.233436
18.4_74.3,18.415553,74.31092699999999
18.4_74.4,18.373086,74.3756555
18.4_74.5,18.388133666666665,74.506686
18.4_74.6,18.401237,74.594321
18.4_74.7,18.425042,74.682317
18.4_74.8,18.445597,74.824107
18.4_74.9,18.411497,74.906293
18.4_75.1,18.389437,75.085628
18.4_75.3,18.422336,75.344164
18.4_75.4,18.410757,75.425682
18.4_75.6,18.446186,75.581101
18.4_76.1,18.434193,76.13958
18.4_76.4,18.368859,76.43722
18.4_76.7,18.409157,76.744436
18.4_76.8,18.3761935,76.7944415
18.4_77.0,18.4131275,76.96339800000001
18.4_77.2,18.400645,77.220272
18.4_77.4,18.418412,77.428991
18.4_77.5,18.362893,77.521825
18.4_77.6,18.405173,77.586353
18.4_77.7,18.4068075,77.677477
18.4_77.9,18.38382,77.91362433333333
18.4_78.0,18.378360999999998,77.97724199999999
18.4_78.1,18.4014315,78.12113099999999
18.4_78.2,18.408246166666668,78.201402
18.4_78.3,18.402649333333333,78.280132
18.4_78.4,18.39973566666667,78.41527433333333
18.4_78.5,18.3995195,78.50165299999999
18.4_78.6,18.424442,78.60024025
18.4_78.7,18.391998,78.69854699999999
18.4_78.8,18.396167,78.80742024999999
18.4_79.0,18.41852,78.954956
18.4_79.1,18.394199,79.099279
18.4_79.2,18.403484,79.2430785
18.4_79.5,18.444233,79.50351
18.4_79.6,18.368707,79.58696
18.4_79.7,18.359185,79.700186
18.4_79.9,18.369314,79.939397
18.4_80.0,18.406255,79.956077
18.4_80.1,18.384107333333333,80.108029
18.4_80.2,18.428427,80.23257
18.4_80.3,18.448358,80.311029
18.4_80.8,18.390241500000002,80.822823
18.4_81.0,18.402266,81.019901
18.5_70.2,18.547751,70.153156
18.5_70.4,18.503361,70.426225
18.5_70.5,18.537982,70.546527
18.5_70.6,18.545371,70.604415
18.5_70.7,18.502266,70.731479
18.5_70.9,18.5309,70.863356
18.5_71.1,18.501528,71.120929
18.5_71.3,18.514556,71.333098
18.5_71.5,18.537117,71.545035
18.5_71.6,18.485207250000002,71.60572425
18.5_71.7,18.487526199999998,71.7166522
18.5_71.8,18.512318999999998,71.7980955
18.5_71.9,18.503810285714284,71.90825228571428
18.5_72.0,18.501478625,71.98880750000001
18.5_72.1,18.50380025,72.1086435
18.5_72.2,18.506741,72.20492271428571
18.5_72.3,18.525351999999998,72.29428250000001
18.5_72.4,18.49380875,72.40387875
18.5_72.5,18.51058927777778,72.50970044444445
18.5_72.6,18.497343727272725,72.60508304545455
18.5_72.7,18.510185290322582,72.7047085483871
18.5_72.8,18.505641375,72.79656209375
18.5_72.9,18.499480677419356,72.89742054838709
18.5_73.0,18.50426634375,72.99532715625
18.5_73.1,18.50335308,73.10069904
18.5_73.2,18.498689142857142,73.19831071428571
18.5_73.3,18.51171,73.28757057894737
18.5_73.4,18.508308583333335,73.3904335
18.5_73.5,18.509778,73.49432936363637
18.5_73.6,18.508509142857143,73.58879242857142
18.5_73.7,18.508579,73.69419633333332
18.5_73.8,18.477279333333332,73.81338766666667
18.5_73.9,18.48831,73.911502
18.5_74.0,18.5213255,74.0262405
18.5_74.2,18.47187,74.170141
18.5_74.3,18.504499,74.319305
18.5_74.4,18.499886,74.377718
18.5_74.5,18.4894965,74.5052795
18.5_74.8,18.541699,74.843522
18.5_75.6,18.502766,75.569542
18.5_76.6,18.491384,76.619335
18.5_76.7,18.510575,76.74284
18.5_77.2,18.477169,77.222256
18.5_77.6,18.457257,77.630641
18.5_77.7,18.461464,77.724295
18.5_77.9,18.5405865,77.90835200000001
18.5_78.0,18.46854,78.027502
18.5_78.2,18.527148,78.200608
18.5_78.4,18.49361425,78.39983475
18.5_78.5,18.515112666666667,78.49280066666667
18.5_78.6,18.452813,78.558503
18.5_78.7,18.507436,78.7112705
18.5_78.8,18.481035,78.776791
18.5_78.9,18.483758,78.87376850000001
18.5_79.0,18.49509075,79.00402625
18.5_79.1,18.480162,79.118987
18.5_79.2,18.523762,79.158496
18.5_79.3,18.486225333333334,79.275127
18.5_79.5,18.468795,79.530476
18.5_79.7,18.487601,79.702715
18.5_79.9,18.526968,79.935069
18.5_80.4,18.51984,80.376534
18.6_70.2,18.64077,70.209493
18.6_70.6,18.607312,70.6263005
18.6_71.1,18.616732,71.087359
18.6_71.2,18.648102,71.168523
18.6_71.3,18.591683,71.31386
18.6_71.4,18.592783,71.426596
18.6_71.5,18.624095,71.479461
18.6_71.7,18.588110333333333,71.67140433333333
18.6_71.8,18.61989,71.840187
18.6_71.9,18.585555166666666,71.9079805
18.6_72.0,18.566000199999998,71.9843632
18.6_72.1,18.6059773,72.1105779
18.6_72.2,18.58831977777778,72.19474011111112
18.6_72.3,18.597264,72.29260509090909
18.6_72.4,18.596303071428572,72.40127064285714
18.6_72.5,18.599479692307693,72.50819738461539
18.6_72.6,18.603115416666668,72.59693370833334
18.6_72.7,18.605823931034482,72.69264786206897
18.6_72.8,18.60294004347826,72.79601641304347
18.6_72.9,18.60031936,72.90312716
18.6_73.0,18.598647800000002,72.9978985111111
18.6_73.1,18.600904423076923,73.09824753846154
18.6_73.2,18.60953307142857,73.19991853571427
18.6_73.3,18.603328294117645,73.30298570588235
18.6_73.4,18.60997752173913,73.39408339130435
18.6_73.5,18.59229116666667,73.50989444444446
18.6_73.6,18.612149444444444,73.59260977777778
18.6_73.7,18.61135175,73.70699375
18.6_73.8,18.599067833333333,73.81286166666666
18.6_73.9,18.6033615,73.898235
18.6_74.0,18.60348325,74.01687725000001
18.6_74.1,18.57369733333333,74.08157133333333
18.6_74.2,18.572722,74.195176
18.6_74.3,18.612622,74.337273
18.6_74.4,18.579636,74.441033
18.6_74.6,18.621741999999998,74.6011515
18.6_74.7,18.6209815,74.6988815
18.6_74.8,18.5779105,74.784539
18.6_75.1,18.616484,75.051325
18.6_75.3,18.572498,75.347277
18.6_75.4,18.588198,75.4180115
18.6_76.6,18.608004,76.613872
18.6_76.8,18.550368,76.806312
18.6_77.0,18.595393,77.002545
18.6_77.1,18.619847999999998,77.1027345
18.6_77.2,18.628887,77.19059
18.6_77.4,18.643386,77.3998325
18.6_77.5,18.592982,77.544195
18.6_77.7,18.639959,77.73445
18.6_77.8,18.6109335,77.82624200000001
18.6_77.9,18.553755,77.910951
18.6_78.0,18.59864425,78.01218399999999
18.6_78.1,18.60426766666667,78.12183933333334
18.6_78.3,18.6254365,78.29382100000001
18.6_78.5,18.569164999999998,78.50447750000001
18.6_78.6,18.605338333333332,78.591474
18.6_78.7,18.6161675,78.706654
18.6_78.8,18.60462,78.794034
18.6_78.9,18.587394500000002,78.893546
18.6_79.0,18.5715145,79.01965100000001
18.6_79.5,18.579003,79.534586
18.6_79.7,18.577247,79.6978245
18.6_79.8,18.57831,79.787374
18.6_80.0,18.5937975,79.9836295
18.6_80.2,18.607529,80.19376650000001
18.6_80.6,18.598041,80.581851
18.6_80.7,18.609514,80.691279
18.6_80.8,18.627906000000003,80.802979
18.6_80.9,18.561693,80.918079
18.7_70.0,18.685143,70.041011
18.7_70.1,18.711902,70.073319
18.7_70.2,18.685504,70.230341
18.7_70.4,18.748799,70.399173
18.7_70.5,18.675796,70.499987
18.7_70.6,18.712096,70.58141
18.7_70.8,18.686193,70.761962
18.7_70.9,18.687902,70.943704
18.7_71.2,18.695052,71.17602550000001
18.7_71.3,18.701505,71.30826983333334
18.7_71.4,18.726706,71.386527
18.7_71.5,18.727133,71.50518633333333
18.7_71.6,18.662829,71.5999095
18.7_71.7,18.7072575,71.69918025
18.7_71.8,18.697436999999997,71.83221733333333
18.7_71.9,18.7158845,71.89824675
18.7_72.0,18.6972212,72.0094505
18.7_72.1,18.711276625,72.086413375
18.7_72.2,18.708467952380953,72.2048783809524
18.7_72.3,18.697274,72.2989406
18.7_72.4,18.70589812,72.39689012
18.7_72.5,18.70152175,72.50390189285714
18.7_72.6,18.70227727027027,72.60207094594594
18.7_72.7,18.696870276595742,72.704233
18.7_72.8,18.69929425,72.80029660714285
18.7_72.9,18.700834771929824,72.89782887719298
18.7_73.0,18.7047608,73.00316951111111
18.7_73.1,18.701916234042553,73.09602282978723
18.7_73.2,18.694172925,73.19721265000001
18.7_73.3,18.698129592592593,73.29835703703704
18.7_73.4,18.713798592592592,73.39945388888889
18.7_73.5,18.70116610526316,73.49204726315789
18.7_73.6,18.707401272727274,73.60307145454546
18.7_73.7,18.70815475,73.703326875
18.7_73.8,18.68854109090909,73.79724136363637
18.7_73.9,18.7105398,73.903416
18.7_74.0,18.676078500000003,74.001501
18.7_74.1,18.667538,74.086503
18.7_74.2,18.665995,74.222972
18.7_74.3,18.698190666666665,74.32034133333333
18.7_74.4,18.693593,74.359572
18.7_74.5,18.656589,74.507079
18.7_74.7,18.715336,74.700678
18.7_74.8,18.663210499999998,74.795398
18.7_75.0,18.702946,74.984468
18.7_75.1,18.669187,75.074911
18.7_75.7,18.70875,75.730146
18.7_76.2,18.710205,76.225368
18.7_77.0,18.72378,76.968592
18.7_77.1,18.711722,77.104276
18.7_77.4,18.694031,77.38368
18.7_77.5,18.7148195,77.52227350000001
18.7_77.8,18.679063,77.753205
18.7_78.3,18.714280000000002,78.2988955
18.7_78.4,18.725551,78.405425
18.7_78.6,18.670644,78.552764
18.7_78.7,18.73867,78.6988165
18.7_78.8,18.679960666666666,78.80520033333333
18.7_78.9,18.691919499999997,78.9002935
18.7_79.1,18.7063985,79.1237375
18.7_79.2,18.749138,79.180363
18.7_79.3,18.654801,79.280361
18.7_79.4,18.746076,79.420618
18.7_79.5,18.656647,79.503996
18.7_79.7,18.7383,79.72755
18.7_79.8,18.745936,79.822639
18.7_80.0,18.703977666666667,80.01402166666666
18.7_80.3,18.656188,80.257396
18.7_80.4,18.6927245,80.434679
18.7_80.7,18.683277,80.701354
18.7_80.8,18.71953,80.81645850000001
18.7_80.9,18.707144,80.908979
18.8_70.1,18.806817,70.095259
18.8_70.4,18.810853,70.434489
18.8_70.7,18.774611,70.650364
18.8_70.8,18.800028,70.802625
18.8_70.9,18.794918,70.949022
18.8_71.1,18.76367,71.139434
18.8_71.4,18.781080333333332,71.41316333333333
18.8_71.5,18.76686,71.462388
18.8_71.6,18.801662999999998,71.60589949999999
18.8_71.7,18.81175628571429,71.72923542857143
18.8_71.8,18.803725333333333,71.80197266666667
18.8_71.9,18.807522000000002,71.89195383333333
18.8_72.0,18.798021428571428,72.021955
18.8_72.1,18.775400166666667,72.11657033333333
18.8_72.2,18.801963222222223,72.206757
18.8_72.3,18.78792771428571,72.30969078571428
18.8_72.4,18.811391413793103,72.39761317241378
18.8_72.5,18.806497736842108,72.50062181578947
18.8_72.6,18.806120304347825,72.59485982608695
18.8_72.7,18.797378034482758,72.70178710344828
18.8_72.8,18.808158893939392,72.79776199999999
18.8_72.9,18.80440282352941,72.8987805882353
18.8_73.0,18.8009110877193,73.00559552631579
18.8_73.1,18.80374288333333,73.09700066666666
18.8_73.2,18.79781561904762,73.19708971428571
18.8_73.3,18.81118481395349,73.30016551162791
18.8_73.4,18.80479755,73.39616165
18.8_73.5,18.811342263157893,73.48820347368421
18.8_73.6,18.805750727272727,73.5902559090909
18.8_73.7,18.79629988888889,73.70402733333333
18.8_73.8,18.7738035,73.783641
18.8_73.9,18.80882,73.9084725
18.8_74.0,18.787558666666666,74.0104005
18.8_74.1,18.81548,74.055083
18.8_74.2,18.8242446,74.20309979999999
18.8_74.3,18.754053,74.317106
18.8_74.6,18.7515,74.574488
18.8_74.7,18.7874365,74.6648035
18.8_74.9,18.812381,74.897959
18.8_75.1,18.764943000000002,75.077121
18.8_75.7,18.782669,75.74227
18.8_76.3,18.845156,76.316632
18.8_76.9,18.833948499999998,76.899716
18.8_77.1,18.812993,77.122455
18.8_77.3,18.755278,77.329054
18.8_77.6,18.820441,77.57861
18.8_78.1,18.769409,78.077741
18.8_78.2,18.824579999999997,78.182016
18.8_78.3,18.820719,78.28327200000001
18.8_78.4,18.817178499999997,78.387619
18.8_78.5,18.763932,78.47057
18.8_78.6,18.806949666666664,78.58106833333333
18.8_78.7,18.786289,78.715138
18.8_78.8,18.761703,78.7821
18.8_78.9,18.7675035,78.930349
18.8_79.1,18.777803,79.07141250000001
18.8_79.3,18.756304,79.285228
18.8_79.4,18.797873666666664,79.389539
18.8_79.5,18.75265,79.455555
18.8_79.7,18.809866,79.696978
18.8_80.2,18.79501,80.215305
18.8_80.3,18.7965635,80.31984299999999
18.9_70.3,18.873156,70.25446600000001
18.9_70.7,18.890081000000002,70.719854
18.9_70.9,18.932023,70.948442
18.9_71.0,18.896289,70.954602
18.9_71.1,18.881672000000002,71.0949466
18.9_71.3,18.903204,71.33352933333333
18.9_71.4,18.9236945,71.40531
18.9_71.5,18.929639,71.49796649999999
18.9_71.6,18.890454166666668,71.61575549999999
18.9_71.7,18.860329,71.70455125
18.9_71.8,18.877968666666664,71.80736583333334
18.9_71.9,18.89729842857143,71.91660142857143
18.9_72.0,18.9069796,71.9986594
18.9_72.1,18.8938759,72.1105934
18.9_72.2,18.903181083333333,72.20078883333333
18.9_72.3,18.897071476190476,72.29595366666666
18.9_72.4,18.89959289285714,72.39273242857142
18.9_72.5,18.900229444444445,72.5025368
18.9_72.6,18.9003163220339,72.58888999999999
18.9_72.7,18.896739999999998,72.70640957352941
18.9_72.8,18.897042734177216,72.79831250632911
18.9_72.9,18.902137294117647,72.8949770882353
18.9_73.0,18.90362455844156,72.9927194025974
18.9_73.1,18.89927909375,73.09019996875
18.9_73.2,18.90370266,73.1988988
18.9_73.3,18.894935225,73.297130125
18.9_73.4,18.9037413,73.40991853333334
18.9_73.5,18.90388031818182,73.50361204545455
18.9_73.6,18.898214,73.59577703571428
18.9_73.7,18.90356963636364,73.69929254545455
18.9_73.8,18.900722333333334,73.79566383333334
18.9_73.9,18.9142835,73.910789
18.9_74.0,18.903602499999998,73.99128200000001
18.9_74.1,18.909940374999998,74.0926925
18.9_74.3,18.87528175,74.3142835
18.9_74.5,18.883446999999997,74.498179
18.9_74.6,18.91708725,74.59631175
18.9_74.7,18.9118345,74.68234799999999
18.9_74.8,18.911836,74.786479
18.9_74.9,18.861846,74.876617
18.9_75.0,18.916643,74.975847
18.9_75.1,18.900846,75.100432
18.9_75.3,18.88148,75.261398
18.9_75.4,18.896698,75.44586
18.9_77.3,18.941422,77.250016
18.9_77.8,18.9027615,77.8008875
18.9_77.9,18.902863,77.8951895
18.9_78.1,18.89352,78.140467
18.9_78.2,18.910093,78.229928
18.9_78.3,18.872175,78.304183
18.9_78.4,18.920391,78.384231
18.9_78.9,18.871504666666667,78.90686133333334
18.9_79.1,18.8751795,79.0648845
18.9_79.8,18.932572,79.762531
18.9_80.2,18.877914,80.237767
18.9_80.3,18.883932,80.298603
19.0_70.2,18.975674,70.229006
19.0_70.7,19.010986,70.723388
19.0_70.8,18.9785215,70.81851950000001
19.0_71.0,19.00656875,71.01781425
19.0_71.1,18.991088,71.09507833333333
19.0_71.2,19.004831,71.249485
19.0_71.3,18.9832945,71.33237299999999
19.0_71.4,18.9963975,71.409208
19.0_71.5,18.98304125,71.487261
19.0_71.6,18.992529,71.59632099999999
19.0_71.7,18.995554,71.74811
19.0_71.8,18.98933225,71.83189025
19.0_71.9,19.0106162,71.8790612
19.0_72.0,19.016936555555553,71.99486388888889
19.0_72.1,19.01532988888889,72.10975522222222
19.0_72.2,19.001045466666664,72.20975493333334
19.0_72.3,19.008510807692307,72.30902061538463
19.0_72.4,18.998605541666667,72.39417216666666
19.0_72.5,18.99764377777778,72.50202862222223
19.0_72.6,19.002847215686273,72.60323760784313
19.0_72.7,18.994785616666668,72.6988609
19.0_72.8,18.999733413793102,72.79749916091953
19.0_72.9,19.0015123880597,72.9031410597015
19.0_73.0,19.000486986111113,73.00449168055555
19.0_73.1,19.004369472972975,73.09205978378378
19.0_73.2,18.99884846666667,73.202039
19.0_73.3,18.99967669047619,73.29247845238095
19.0_73.4,19.006361607142857,73.40200942857143
19.0_73.5,19.005598685714286,73.49664494285715
19.0_73.6,18.997086076923075,73.60159638461538
19.0_73.7,18.998034277777776,73.70318166666667
19.0_73.8,19.010311333333334,73.80215783333334
19.0_73.9,18.9776705,73.90727100000001
19.0_74.0,18.985424714285717,73.99775042857142
19.0_74.1,19.01718166666667,74.086804
19.0_74.2,18.99149825,74.16775200000001
19.0_74.3,19.023379,74.28330500000001
19.0_74.4,18.9877405,74.3873715
19.0_74.5,18.969224,74.527649
19.0_74.6,19.045867,74.571293
19.0_74.7,18.992855,74.660984
19.0_74.8,19.041587,74.801416
19.0_74.9,18.987396,74.888917
19.0_75.0,18.994522,74.991247
19.0_75.2,19.027357,75.243374
19.0_75.3,18.9930125,75.3345185
19.0_75.4,18.950048,75.411347
19.0_75.5,19.012268,75.51752
19.0_75.7,18.954513,75.651984
19.0_75.8,19.016196,75.784267
19.0_76.7,19.045284,76.68125
19.0_76.8,18.987763,76.779063
19.0_76.9,18.985016666666667,76.881798
19.0_77.1,18.995901,77.134149
19.0_77.3,19.001997,77.282523
19.0_77.5,18.995565499999998,77.493139
19.0_77.6,18.999739,77.550338
19.0_77.7,19.0039735,77.70460349999999
19.0_77.8,19.043899,77.789602
19.0_77.9,19.009753,77.896791
19.0_78.0,19.016935,77.992801
19.0_78.3,19.040932,78.2869
19.0_78.9,19.037674,78.92556
19.0_79.3,18.991202,79.261206
19.0_79.8,19.046013,79.846234
19.0_80.3,18.983696,80.256613
19.0_80.5,18.997745000000002,80.53381949999999
19.1_70.3,19.122691,70.331931
19.1_70.4,19.104128000000003,70.387689
19.1_70.8,19.074239,70.844735
19.1_70.9,19.102919,70.902083
19.1_71.1,19.076776,71.10366
19.1_71.2,19.094185000000003,71.16945100000001
19.1_71.3,19.135267,71.311162
19.1_71.4,19.077337999999997,71.3767755
19.1_71.5,19.057578,71.468584
19.1_71.6,19.118115,71.629709
19.1_71.7,19.064857,71.701584
19.1_71.8,19.11500025,71.79217825
19.1_71.9,19.10070933333333,71.88656333333334
19.1_72.0,19.0942625,72.021583375
19.1_72.1,19.10333742857143,72.0972117142857
19.1_72.2,19.095200777777777,72.21568322222222
19.1_72.3,19.1027111,72.30652755
19.1_72.4,19.088372585365853,72.40420548780487
19.1_72.5,19.096821627450982,72.4978615490196
19.1_72.6,19.09587463076923,72.59380461538463
19.1_72.7,19.101638938271602,72.70439991358025
19.1_72.8,19.101298285714286,72.79691121428571
19.1_72.9,19.094646652777776,72.90645818055556
19.1_73.0,19.09647744871795,72.99669811538462
19.1_73.1,19.100906163636363,73.08755858181817
19.1_73.2,19.1005483877551,73.19272197959184
19.1_73.3,19.09699911111111,73.30110353333333
19.1_73.4,19.098654307692307,73.40169088461538
19.1_73.5,19.100239600000002,73.49989504999999
19.1_73.6,19.102580000000003,73.59671727777778
19.1_73.7,19.0993285,73.69407125
19.1_73.8,19.104911714285713,73.797097
19.1_73.9,19.10923425,73.88533925
19.1_74.0,19.090421333333335,73.98910366666667
19.1_74.1,19.0889205,74.09083066666666
19.1_74.2,19.085734,74.1979478
19.1_74.3,19.100457,74.309663
19.1_74.4,19.105036,74.428134
19.1_74.5,19.128703,74.486992
19.1_74.6,19.098227,74.61705
19.1_74.7,19.086918,74.722486
19.1_74.8,19.119369,74.831019
19.1_75.1,19.138536,75.080547
19.1_75.4,19.0574,75.419934
19.1_75.5,19.0725315,75.4781325
19.1_75.6,19.074575000000003,75.6161705
19.1_75.7,19.111343,75.651805
19.1_76.8,19.051941,76.826909
19.1_77.5,19.116165,77.528099
19.1_77.7,19.080597,77.671756
19.1_77.8,19.074447,77.7721305
19.1_78.0,19.063259,78.031214
19.1_78.3,19.073885,78.311194
19.1_78.5,19.098453,78.506533
19.1_79.0,19.091585000000002,78.9932235
19.1_79.1,19.0875435,79.083314
19.1_79.6,19.13668,79.5895055
19.1_80.1,19.080703,80.090318
19.1_80.4,19.113439,80.442883
19.2_70.1,19.184263,70.056694
19.2_70.6,19.222119,70.58790450000001
19.2_70.8,19.215659,70.833974
19.2_71.0,19.21698,71.047398
19.2_71.1,19.173661,71.098934
19.2_71.2,19.152177,71.168195
19.2_71.3,19.1967415,71.252869
19.2_71.4,19.15732,71.40507
19.2_71.5,19.176543,71.513031
19.2_71.6,19.181192,71.569469
19.2_71.7,19.219949749999998,71.70383125000001
19.2_71.8,19.2162785,71.8196775
19.2_71.9,19.197343,71.928523
19.2_72.0,19.2037954,72.0110086
19.2_72.1,19.206962444444443,72.09053
19.2_72.2,19.199410583333336,72.20549758333333
19.2_72.3,19.193746176470587,72.30105135294117
19.2_72.4,19.20570495652174,72.40171873913043
19.2_72.5,19.19792404255319,72.50994070212765
19.2_72.6,19.201951215686275,72.60194880392157
19.2_72.7,19.201099942028986,72.70232313043479
19.2_72.8,19.200776068965517,72.79514543678161
19.2_72.9,19.20542435,72.8975513125
19.2_73.0,19.197044875000003,73.00166951388888
19.2_73.1,19.20380695238095,73.0992195
19.2_73.2,19.197364173076924,73.20745703846154
19.2_73.3,19.205499047619046,73.28891397619047
19.2_73.4,19.201888999999998,73.39947524242424
19.2_73.5,19.19790942105263,73.49351357894736
19.2_73.6,19.20003,73.59562584615384
19.2_73.7,19.199254999999997,73.7037560909091
19.2_73.8,19.1952505,73.7915707
19.2_73.9,19.20401,73.8822564
19.2_74.0,19.18519275,73.98641549999999
19.2_74.1,19.189412,74.10759999999999
19.2_74.2,19.194725,74.248858
19.2_74.3,19.185576,74.29574233333334
19.2_74.4,19.204485,74.40918099999999
19.2_74.5,19.158067,74.54496
19.2_74.8,19.171222,74.774516
19.2_74.9,19.179146333333332,74.87213133333334
19.2_75.0,19.223709,74.981683
19.2_75.2,19.185665,75.155302
19.2_75.4,19.20191,75.355059
19.2_75.6,19.18705,75.591311
19.2_76.7,19.205994,76.739945
19.2_77.7,19.166572,77.738062
19.2_78.3,19.22384275,78.30491574999999
19.2_78.4,19.206918,78.365252
19.2_78.5,19.166816,78.502785
19.2_78.6,19.161572,78.577768
19.2_78.8,19.225107,78.763893
19.2_78.9,19.187919,78.876642
19.2_79.0,19.154565,78.962364
19.2_79.1,19.213777,79.100602
19.2_79.4,19.202368,79.388031
19.2_79.7,19.202126,79.665814
19.2_80.0,19.159202,79.97561
19.2_80.4,19.228464,80.368218
19.2_80.7,19.179932,80.724137
19.3_71.0,19.278832,70.976067
19.3_71.1,19.275036,71.081799
19.3_71.2,19.2731245,71.203074
19.3_71.3,19.2659275,71.2971135
19.3_71.5,19.316947499999998,71.5174725
19.3_71.6,19.2767335,71.5687815
19.3_71.7,19.302294,71.68727
19.3_71.8,19.3187045,71.83048725
19.3_71.9,19.29983425,71.88709175
19.3_72.0,19.29110071428571,71.99692257142857
19.3_72.1,19.2918272,72.0905426
19.3_72.2,19.29701526666667,72.19137893333333
19.3_72.3,19.29591661904762,72.30384004761905
19.3_72.4,19.303638304347825,72.40186286956522
19.3_72.5,19.294357926829267,72.50638117073171
19.3_72.6,19.300526065573774,72.6038550327869
19.3_72.7,19.296905945454547,72.70458219999999
19.3_72.8,19.296750118644066,72.79711649152543
19.3_72.9,19.2980992,72.90345438461539
19.3_73.0,19.298759172413792,72.9961990862069
19.3_73.1,19.299082672131146,73.09731386885245
19.3_73.2,19.300546636363638,73.20221725
19.3_73.3,19.298319361111112,73.30223525000001
19.3_73.4,19.29403735714286,73.39894235714287
19.3_73.5,19.2953869,73.501805
19.3_73.6,19.298733000000002,73.59759591666666
19.3_73.7,19.280396375,73.693389625
19.3_73.8,19.3068838,73.77102239999999
19.3_73.9,19.2885885,73.896579
19.3_74.0,19.31397625,74.0054415
19.3_74.1,19.329278,74.08773000000001
19.3_74.2,19.316024,74.2205925
19.3_74.3,19.291666,74.314402
19.3_74.4,19.343319,74.362762
19.3_74.6,19.296432,74.642087
19.3_74.7,19.285464,74.650231
19.3_74.8,19.338186,74.805923
19.3_75.1,19.271801,75.075196
19.3_75.2,19.299131,75.198059
19.3_75.5,19.292737,75.507244
19.3_76.6,19.255478,76.627565
19.3_77.2,19.336067,77.232204
19.3_77.6,19.258157,77.637959
19.3_77.7,19.292826,77.693986
19.3_77.9,19.252965,77.934351
19.3_78.2,19.336811,78.156867
19.3_78.4,19.348468,78.408279
19.3_78.5,19.282491,78.511621
19.3_78.8,19.33217,78.812075
19.3_78.9,19.255494,78.890179
19.3_79.1,19.307682,79.121401
19.3_79.5,19.271096,79.491825
19.3_80.0,19.290831,79.973753
19.3_80.3,19.289276,80.282767
19.4_70.1,19.417609,70.092594
19.4_70.2,19.420821,70.195085
19.4_71.1,19.369943,71.113388
19.4_71.2,19.363767,71.237891
19.4_71.3,19.366506,71.320828
19.4_71.4,19.424974,71.354365
19.4_71.5,19.421544,71.488085
19.4_71.6,19.3559575,71.61199500000001
19.4_71.7,19.406906,71.709604
19.4_71.8,19.376984,71.8063355
19.4_71.9,19.427309,71.8529845
19.4_72.0,19.4108934,71.9909118
19.4_72.1,19.410277111111114,72.10595455555556
19.4_72.2,19.39665418181818,72.21492609090909
19.4_72.3,19.38254981818182,72.29189745454545
19.4_72.4,19.387574,72.39972223809524
19.4_72.5,19.401534324324324,72.51236164864865
19.4_72.6,19.3935095,72.59857815384615
19.4_72.7,19.397640426229508,72.69557113114755
19.4_72.8,19.396704292682927,72.80568170731706
19.4_72.9,19.400610695652173,72.89794369565217
19.4_73.0,19.403690560975612,73.0025522195122
19.4_73.1,19.40199724,73.09503578
19.4_73.2,19.401329235294117,73.19678326470589
19.4_73.3,19.40584132142857,73.29957103571428
19.4_73.4,19.386241826086955,73.40072295652175
19.4_73.5,19.405843,73.50222709090909
19.4_73.6,19.399306923076924,73.59517815384615
19.4_73.7,19.400846,73.690109875
19.4_73.8,19.393444,73.806777
19.4_73.9,19.39060442857143,73.90040257142857
19.4_74.0,19.401095666666667,73.98033633333334
19.4_74.1,19.407054,74.120136
19.4_74.2,19.415414249999998,74.2005035
19.4_74.3,19.393411,74.330264
19.4_74.4,19.41186775,74.42444474999999
19.4_74.8,19.3528545,74.794318
19.4_74.9,19.393228,74.918104
19.4_75.1,19.402606,75.091694
19.4_75.4,19.422148999999997,75.4251445
19.4_75.5,19.3734065,75.4813505
19.4_75.6,19.3945885,75.623076
19.4_77.3,19.442224,77.277253
19.4_77.5,19.395214,77.506478
19.4_77.8,19.38452,77.840504
19.4_78.3,19.409288,78.304454
19.4_78.4,19.373677,78.379409
19.4_79.1,19.385498,79.135461
19.4_79.3,19.371363,79.327743
19.4_79.5,19.404881,79.464825
19.4_79.6,19.3966755,79.588813
19.4_80.4,19.379262,80.427503
19.5_70.8,19.48969,70.827768
19.5_70.9,19.4891205,70.886838
19.5_71.1,19.456348,71.147739
19.5_71.3,19.500518,71.29182033333335
19.5_71.4,19.45175,71.384154
19.5_71.5,19.501509,71.5093885
19.5_71.6,19.488369,71.6224615
19.5_71.7,19.4701775,71.7000685
19.5_71.8,19.508655,71.84768
19.5_71.9,19.468454,71.9300495
19.5_72.0,19.4823584,71.9786334
19.5_72.1,19.484535375,72.102279
19.5_72.2,19.496769363636364,72.21835418181819
19.5_72.3,19.5069245625,72.3030351875
19.5_72.4,19.49555419047619,72.38915528571428
19.5_72.5,19.5007151,72.50771826666667
19.5_72.6,19.50446620689655,72.60284272413793
19.5_72.7,19.49993476666667,72.70820236666667
19.5_72.8,19.505908325581395,72.79494860465115
19.5_72.9,19.50029412820513,72.90916399999999
19.5_73.0,19.501730127659574,72.99766476595745
19.5_73.1,19.49117193103448,73.09788762068966
19.5_73.2,19.49531863636364,73.20463277272728
19.5_73.3,19.498523,73.30551261904762
19.5_73.4,19.501944551724137,73.39274044827587
19.5_73.5,19.50496595,73.49823965
19.5_73.6,19.490534,73.597888
19.5_73.7,19.499347699999998,73.6940325
19.5_73.8,19.487935,73.7901665
19.5_74.0,19.517359,73.97868633333333
19.5_74.1,19.542428,74.05752
19.5_74.2,19.477836000000003,74.188808
19.5_74.3,19.509916666666665,74.27698466666666
19.5_74.4,19.506106600000003,74.3901156
19.5_74.5,19.508203,74.50588099999999
19.5_74.8,19.549876,74.814866
19.5_74.9,19.527872,74.911997
19.5_75.0,19.493161,75.0049985
19.5_75.7,19.450289,75.673071
19.5_76.5,19.549347,76.543565
19.5_76.7,19.512444,76.70445
19.5_77.6,19.54299,77.648959
19.5_77.7,19.534346,77.66365
19.5_78.6,19.497775,78.56078
19.5_78.9,19.481193,78.945665
19.5_79.2,19.509198,79.199302
19.5_79.5,19.476229,79.492303
19.5_79.9,19.480904,79.89428
19.5_80.1,19.547853,80.120183
19.5_80.3,19.454069,80.2686
19.6_70.4,19.608584,70.427014
19.6_70.9,19.624935,70.902723
19.6_71.1,19.5615005,71.072874
19.6_71.5,19.6047215,71.477417
19.6_71.6,19.59986,71.5995458
19.6_71.7,19.584680249999998,71.71223375
19.6_71.8,19.60371725,71.78853575
19.6_71.9,19.575004999999997,71.9030234
19.6_72.0,19.608964666666665,72.02116733333334
19.6_72.1,19.626144,72.1154895
19.6_72.2,19.61672114285714,72.20676685714285
19.6_72.3,19.597329600000002,72.3240172
19.6_72.4,19.609076066666667,72.4054704
19.6_72.5,19.59508296153846,72.49896196153847
19.6_72.6,19.602697875,72.5976599375
19.6_72.7,19.593754791666665,72.70621904166667
19.6_72.8,19.59347680952381,72.78740138095239
19.6_72.9,19.600227375,72.9044291875
19.6_73.0,19.600725655172415,72.99246593103449
19.6_73.1,19.593156933333333,73.10422803333333
19.6_73.2,19.595842782608695,73.19166869565218
19.6_73.3,19.596948714285713,73.29728585714285
19.6_73.4,19.598504000000002,73.40264316666668
19.6_73.5,19.606911470588237,73.49636905882353
19.6_73.6,19.604048900000002,73.6013749
19.6_73.7,19.594352,73.71048683333333
19.6_73.8,19.5993846,73.8001896
19.6_73.9,19.586751800000002,73.8949416
19.6_74.0,19.6078496,74.0021208
19.6_74.1,19.6110465,74.08717150000001
19.6_74.2,19.61193533333333,74.192004
19.6_74.3,19.568807,74.258536
19.6_74.4,19.564983,74.405757
19.6_74.5,19.589810333333332,74.48278066666667
19.6_74.6,19.580224,74.585862
19.6_74.7,19.5875365,74.65930800000001
19.6_74.8,19.6388505,74.80903950000001
19.6_75.1,19.563508,75.081365
19.6_75.2,19.628731,75.166253
19.6_75.8,19.588321,75.755268
19.6_76.6,19.579666,76.563437
19.6_77.4,19.552314,77.359436
19.6_77.8,19.5953,77.80238349999999
19.6_78.0,19.560695,78.037851
19.6_78.6,19.6218355,78.5961615
19.6_78.8,19.552712,78.777676
19.6_78.9,19.5859065,78.9015735
19.6_79.1,19.604264,79.130993
19.6_79.5,19.643644,79.526886
19.6_79.9,19.607561,79.942097
19.7_70.4,19.732793,70.387419
19.7_70.8,19.690708,70.786924
19.7_70.9,19.675714,70.8859005
19.7_71.0,19.736883,71.0124
19.7_71.2,19.723922,71.220769
19.7_71.3,19.747983,71.317604
19.7_71.4,19.725306,71.386915
19.7_71.5,19.687555,71.492585
19.7_71.6,19.69303533333333,71.604349
19.7_71.8,19.72671,71.828237
19.7_71.9,19.720752666666666,71.91959700000001
19.7_72.0,19.673474666666667,72.02643766666667
19.7_72.1,19.682069,72.07533
19.7_72.2,19.7044482,72.19304220000001
19.7_72.3,19.716339,72.30327327272727
19.7_72.4,19.70458109090909,72.39241736363637
19.7_72.5,19.69265625,72.510131
19.7_72.6,19.70792611111111,72.60246555555555
19.7_72.7,19.694663583333334,72.69046691666667
19.7_72.8,19.714810875,72.8020816875
19.7_72.9,19.700833799999998,72.90070426666666
19.7_73.0,19.706644733333334,72.99664193333334
19.7_73.1,19.6864004,73.0938483
19.7_73.2,19.7049235,73.1872546
19.7_73.3,19.6869643125,73.292231125
19.7_73.4,19.68937933333333,73.4028375
19.7_73.5,19.690524200000002,73.5009934
19.7_73.6,19.696030166666667,73.58923533333333
19.7_73.7,19.6845864,73.7128914
19.7_73.8,19.67487583333333,73.78668316666666
19.7_73.9,19.7151,73.889545
19.7_74.0,19.719613,73.967657
19.7_74.1,19.711098,74.1342535
19.7_74.2,19.732107000000003,74.1899678
19.7_74.3,19.67784,74.256016
19.7_74.4,19.685873666666666,74.42108733333333
19.7_74.6,19.702522,74.633138
19.7_74.8,19.703748,74.757653
19.7_74.9,19.692059,74.855229
19.7_75.0,19.671994,75.00789766666666
19.7_75.4,19.7397915,75.443044
19.7_75.6,19.672472,75.629301
19.7_77.5,19.664405,77.474341
19.7_77.8,19.720475,77.837097
19.7_78.5,19.654986,78.4876
19.7_79.2,19.732207,79.161709
19.7_79.7,19.7195995,79.6945605
19.7_80.0,19.747865,80.034315
19.8_70.7,19.844475,70.698295
19.8_70.9,19.759483000000003,70.89741749999999
19.8_71.1,19.750867,71.12613
19.8_71.4,19.781905000000002,71.4047255
19.8_71.5,19.798001,71.534863
19.8_71.6,19.798173,71.64074
19.8_71.7,19.813983,71.736368
19.8_71.8,19.780027,71.764759
19.8_71.9,19.781246799999998,71.8919522
19.8_72.0,19.829379,71.98281449999999
19.8_72.1,19.7939695,72.11718450000001
19.8_72.2,19.799860666666664,72.19656400000001
19.8_72.3,19.788976375,72.30841025
19.8_72.4,19.812381,72.411949
19.8_72.5,19.810103375,72.507022375
19.8_72.6,19.790520066666666,72.59703333333333
19.8_72.7,19.79759238888889,72.69683183333333
19.8_72.8,19.787383416666668,72.7956245
19.8_72.9,19.801471764705884,72.90068688235294
19.8_73.0,19.794932714285714,72.99022814285715
19.8_73.1,19.784805272727272,73.09627
19.8_73.2,19.80148,73.20022577777779
19.8_73.3,19.779308833333335,73.30093699999999
19.8_73.4,19.787132125,73.40443275
19.8_73.5,19.790270125,73.52776525
19.8_73.6,19.822005,73.5806555
19.8_73.7,19.794473285714282,73.69171271428571
19.8_73.8,19.821892666666667,73.794169
19.8_73.9,19.80108625,73.90824375
19.8_74.0,19.8050045,73.989768
19.8_74.1,19.7776955,74.1147045
19.8_74.2,19.804192,74.18823766666667
19.8_74.5,19.805616666666666,74.49710066666667
19.8_74.6,19.8496,74.611143
19.8_74.8,19.837769,74.807319
19.8_74.9,19.847701,74.893386
19.8_75.0,19.818199,74.953037
19.8_75.1,19.793387,75.096307
19.8_75.4,19.792303,75.429781
19.8_75.6,19.793035,75.57685
19.8_77.5,19.823899,77.468902
19.8_77.8,19.79282,77.763208
19.8_78.4,19.752643,78.375572
19.8_78.6,19.835455,78.594697
19.8_78.7,19.830405,78.695152
19.8_79.4,19.837419,79.37331
19.8_80.0,19.790709,80.007311
19.9_70.2,19.870516,70.237055
19.9_70.3,19.861807,70.290672
19.9_70.4,19.864911,70.373691
19.9_70.9,19.881517,70.873068
19.9_71.0,19.864649,70.981678
19.9_71.1,19.899035,71.134855
19.9_71.2,19.919364,71.180658
19.9_71.5,19.93856,71.474375
19.9_71.6,19.877807999999998,71.60083733333333
19.9_71.7,19.884814499999997,71.7076055
19.9_71.9,19.897406,71.90673749999999
19.9_72.0,19.90077,72.0131195
19.9_72.1,19.8879912,72.112627
19.9_72.2,19.889162666666667,72.23065133333334
19.9_72.3,19.922522833333332,72.3136075
19.9_72.4,19.887386333333335,72.3954845
19.9_72.5,19.886150444444446,72.49140811111111
19.9_72.6,19.882273333333334,72.60192183333334
19.9_72.7,19.899397,72.70667054545454
19.9_72.8,19.902037,72.81263185714286
19.9_72.9,19.883802,72.90494079999999
19.9_73.0,19.890256,72.99213736363636
19.9_73.1,19.9187894,73.08938739999999
19.9_73.2,19.899319833333333,73.2000445
19.9_73.3,19.885176142857144,73.29585771428572
19.9_73.4,19.904249888888888,73.40972566666667
19.9_73.5,19.88104925,73.49814575
19.9_73.6,19.909609500000002,73.622784
19.9_73.7,19.884866,73.7088142
19.9_73.8,19.918861,73.7740735
19.9_74.0,19.935798,73.977323
19.9_74.1,19.914533249999998,74.06306
19.9_74.2,19.908897500000002,74.187431
19.9_74.3,19.893381,74.305456
19.9_74.5,19.88581,74.47376
19.9_74.6,19.9066575,74.6010745
19.9_74.7,19.878642,74.69765000000001
19.9_74.8,19.932487,74.755247
19.9_75.3,19.924821,75.306171
19.9_75.5,19.88181775,75.51118349999999
19.9_77.9,19.86753,77.908861
19.9_78.0,19.86445,77.983049
19.9_78.1,19.89577,78.132306
19.9_78.2,19.932782,78.207256
19.9_78.6,19.930008,78.598588
19.9_78.7,19.908704,78.704131
19.9_79.7,19.88326,79.687356
20.0_70.3,20.026799,70.343854
20.0_70.8,20.008182,70.764898
20.0_71.1,20.000954,71.067653
20.0_71.4,19.952351,71.405496
20.0_71.5,20.015917333333334,71.49660466666667
20.0_71.7,20.000833,71.718831
20.0_71.8,20.038536,71.799765
20.0_71.9,20.006427000000002,71.88053099999999
20.0_72.0,19.997988333333335,71.990758
20.0_72.1,19.969552,72.092184
20.0_72.2,19.974176800000002,72.2131806
20.0_72.3,19.998710600000003,72.299352
20.0_72.4,19.99577625,72.42483025
20.0_72.5,19.969117,72.48158633333333
20.0_72.6,19.996588,72.607269
20.0_72.7,19.9930275,72.713453125
20.0_72.8,19.994701600000003,72.8033887
20.0_72.9,20.00071757142857,72.89441500000001
20.0_73.0,20.004698875,72.997379375
20.0_73.1,19.9981075,73.08955525
20.0_73.2,19.9885342,73.191986
20.0_73.3,19.9977822,73.2708306
20.0_73.4,20.0096924,73.4118168
20.0_73.5,19.99152075,73.49027425
20.0_73.6,19.99143666666667,73.57627983333333
20.0_73.7,19.97104,73.711466
20.0_73.9,19.97851375,73.89645825
20.0_74.1,19.99676666666667,74.09696166666667
20.0_74.2,19.971002,74.2130785
20.0_74.4,20.007798,74.4191535
20.0_74.5,20.035745,74.508216
20.0_74.6,20.010604,74.552706
20.0_74.7,19.992356,74.70443966666666
20.0_74.9,19.977023,74.894172
20.0_75.2,20.022536,75.246421
20.0_75.5,20.00251,75.528451
20.0_77.5,20.022317,77.509793
20.0_77.7,19.958008,77.745695
20.0_78.1,20.020422,78.05505
20.0_78.4,19.952038,78.394665
20.0_78.5,19.981846666666666,78.52233266666667
20.0_78.6,20.010559,78.551946
20.0_79.0,19.9634,79.039272
20.0_79.1,20.014285,79.11434
20.0_79.2,20.010457,79.197452
20.1_70.3,20.101076,70.346148
20.1_70.7,20.070797,70.665227
20.1_70.8,20.116148,70.822777
20.1_71.2,20.138582,71.18095650000001
20.1_71.4,20.104177,71.4205825
20.1_71.5,20.121916,71.5211475
20.1_71.6,20.095348,71.588056
20.1_71.7,20.11193,71.661155
20.1_71.8,20.055433,71.765739
20.1_71.9,20.130879,71.8740275
20.1_72.0,20.1100735,71.98687799999999
20.1_72.1,20.128342,72.074462
20.1_72.2,20.136229,72.19113
20.1_72.3,20.071931499999998,72.29012800000001
20.1_72.4,20.091649166666667,72.41195900000001
20.1_72.5,20.112574,72.51584866666667
20.1_72.6,20.1165754,72.6107724
20.1_72.7,20.115301333333335,72.71898366666666
20.1_72.8,20.100511166666667,72.79804266666666
20.1_73.0,20.11177375,73.009055
20.1_73.1,20.08541225,73.079296875
20.1_73.2,20.107315333333332,73.20215
20.1_73.3,20.0948035,73.28856133333333
20.1_73.4,20.111553999999998,73.4019425
20.1_73.5,20.095095,73.49244999999999
20.1_73.6,20.073159,73.607117
20.1_73.7,20.0993594,73.7003148
20.1_73.9,20.117789,73.89462666666667
20.1_74.0,20.131592,74.033383
20.1_74.2,20.125919,74.221282
20.1_74.4,20.066998,74.416976
20.1_75.0,20.140175,74.963573
20.1_75.2,20.142731,75.229416
20.1_75.3,20.126615,75.27742
20.1_75.4,20.133945,75.436311
20.1_75.5,20.10612,75.545005
20.1_78.0,20.101769500000003,77.9674385
20.1_78.8,20.093294,78.790674
20.1_79.5,20.076108,79.513111
20.2_70.2,20.21416,70.237192
20.2_71.0,20.20942,71.023853
20.2_71.6,20.230042,71.636921
20.2_71.8,20.2152675,71.83182049999999
20.2_71.9,20.202884666666666,71.89234466666666
20.2_72.1,20.203825000000002,72.11731675
20.2_72.2,20.211989,72.20894299999999
20.2_72.3,20.175176,72.298275
20.2_72.4,20.216291000000002,72.36569166666668
20.2_72.5,20.198351,72.498903
20.2_72.7,20.179738,72.7079835
20.2_72.8,20.2041294,72.7860822
20.2_72.9,20.202449,72.897879
20.2_73.0,20.197326500000003,73.01005
20.2_73.1,20.1787415,73.09368624999999
20.2_73.2,20.206588599999996,73.1940728
20.2_73.3,20.166574999999998,73.2768925
20.2_73.4,20.195533833333332,73.39936
20.2_73.5,20.18971925,73.5118965
20.2_73.6,20.181502000000002,73.59083050000001
20.2_73.7,20.200068,73.695674
20.2_73.8,20.216362333333333,73.77360766666666
20.2_73.9,20.2014275,73.9062845
20.2_74.0,20.213554333333335,73.99429966666666
20.2_74.1,20.170175,74.075537
20.2_74.3,20.174197,74.250936
20.2_74.4,20.241238,74.403711
20.2_74.7,20.227044499999998,74.6716835
20.2_74.9,20.220819,74.908936
20.2_75.0,20.186265,74.98396
20.2_75.2,20.199557,75.21939
20.2_75.4,20.161691,75.391737
20.3_70.2,20.254111,70.221004
20.3_70.5,20.261815,70.468539
20.3_71.0,20.307994,71.025835
20.3_71.5,20.273331,71.503042
20.3_71.7,20.301144,71.65968566666668
20.3_71.8,20.266812,71.794934
20.3_71.9,20.292031,71.938223
20.3_72.0,20.270453,72.006011
20.3_72.1,20.347432,72.143884
20.3_72.2,20.328857,72.209953
20.3_72.3,20.317912000000003,72.30346233333334
20.3_72.4,20.298892000000002,72.38429550000001
20.3_72.5,20.277593200000002,72.4947126
20.3_72.6,20.310971,72.633676
20.3_72.7,20.301737600000003,72.6956048
20.3_72.8,20.318103999999998,72.7898256
20.3_72.9,20.2642035,72.861523
20.3_73.1,20.269196,73.09575375
20.3_73.2,20.286223,73.161131
20.3_73.3,20.299719333333332,73.31551466666667
20.3_73.4,20.282846,73.394796
20.3_73.5,20.274784,73.476627
20.3_73.6,20.2638055,73.59391550000001
20.3_73.7,20.294781,73.6910845
20.3_73.8,20.2764155,73.83493899999999
20.3_73.9,20.26910128571429,73.91366428571428
20.3_74.1,20.268021,74.097047
20.3_74.3,20.2870615,74.27901750000001
20.3_74.5,20.316672,74.480907
20.3_74.8,20.269282,74.809641
20.3_75.1,20.253755,75.086044
20.3_75.2,20.2911055,75.201059
20.3_75.3,20.3066,75.278811
20.3_75.4,20.294718500000002,75.38530850000001
20.3_78.3,20.27305,78.264519
20.3_78.5,20.27506,78.522589
20.4_70.7,20.427446,70.687706
20.4_70.8,20.447406,70.833151
20.4_70.9,20.426283,70.940989
20.4_71.4,20.412906999999997,71.379583
20.4_71.6,20.434041,71.602808
20.4_71.8,20.36793,71.795397
20.4_71.9,20.354681,71.895124
20.4_72.0,20.406812000000002,72.0274795
20.4_72.1,20.402559,72.087882
20.4_72.3,20.380798,72.302044
20.4_72.4,20.40513875,72.38195
20.4_72.5,20.371146,72.4752435
20.4_72.6,20.42377725,72.59623925
20.4_72.7,20.381058666666664,72.69372299999999
20.4_72.8,20.360029500000003,72.8101435
20.4_72.9,20.421211,72.88615433333334
20.4_73.0,20.406519,72.98011866666667
20.4_73.1,20.371146,73.077963
20.4_73.2,20.3981985,73.23965799999999
20.4_73.3,20.396998,73.271739
20.4_73.4,20.362225666666667,73.42205700000001
20.4_73.5,20.408156333333334,73.51739566666667
20.4_73.6,20.3924095,73.6015975
20.4_73.7,20.422014,73.668015
20.4_73.9,20.398376,73.949977
20.4_74.0,20.431648,74.017508
20.4_74.1,20.361795,74.090208
20.4_74.2,20.409886,74.242546
20.4_74.3,20.420324,74.327797
20.4_74.5,20.425905,74.531791
20.4_74.6,20.437435,74.622522
20.4_74.7,20.38248,74.702836
20.4_74.8,20.4350345,74.808858
20.4_75.2,20.37050175,75.19056175
20.4_75.3,20.361532,75.255092
20.5_71.5,20.510134,71.538691
20.5_71.8,20.4984205,71.80174650000001
20.5_71.9,20.50937933333333,71.93596633333334
20.5_72.0,20.466183,71.99351250000001
20.5_72.1,20.506491500000003,72.11588549999999
20.5_72.2,20.501629,72.17771450000001
20.5_72.3,20.488725,72.29964266666667
20.5_72.6,20.533912,72.606874
20.5_72.7,20.4764185,72.70258749999999
20.5_72.8,20.483733,72.81700599999999
20.5_72.9,20.504735,72.933449
20.5_73.0,20.49309425,73.02659375
20.5_73.1,20.549833,73.101761
20.5_73.2,20.501421,73.191496
20.5_73.3,20.516592,73.334149
20.5_73.6,20.457499,73.581227
20.5_73.7,20.502552,73.6824595
20.5_73.8,20.463733,73.757344
20.5_73.9,20.4736495,73.9025475
20.5_74.0,20.514918,73.973962
20.5_74.1,20.487198333333335,74.08998366666667
20.5_74.2,20.481197,74.214046
20.5_74.5,20.502278666666665,74.51053833333333
20.5_75.0,20.491031333333336,75.013448
20.5_75.1,20.510531999999998,75.1182185
20.5_75.3,20.452537,75.280058
20.6_70.5,20.560685,70.47898
20.6_71.2,20.602522,71.196312
20.6_71.7,20.565199,71.71862
20.6_71.8,20.61343,71.769577
20.6_72.1,20.577109999999998,72.093929
20.6_72.2,20.6425885,72.20211950000001
20.6_72.3,20.558523,72.316847
20.6_72.5,20.605822500000002,72.483562
20.6_72.6,20.641291,72.567046
20.6_72.8,20.554827,72.809981
20.6_72.9,20.6379315,72.942857
20.6_73.0,20.591221,72.976045
20.6_73.1,20.603196,73.114665
20.6_73.2,20.602463,73.21866725
20.6_73.3,20.614211,73.294128
20.6_73.4,20.606705,73.421131
20.6_73.5,20.640585,73.518799
20.6_73.7,20.649734,73.705406
20.6_73.8,20.630973,73.832134
20.6_74.1,20.5722195,74.08870125
20.6_74.3,20.622586,74.262129
20.6_74.4,20.609027,74.364718
20.6_75.2,20.59199,75.218971
20.6_75.5,20.572998,75.474815
20.7_70.7,20.735567,70.699757
20.7_71.1,20.722576,71.097195
20.7_71.2,20.689158,71.219471
20.7_71.3,20.681245,71.325613
20.7_71.4,20.658769,71.446666
20.7_71.5,20.709493000000002,71.542558
20.7_71.6,20.725893,71.560478
20.7_72.0,20.7282225,72.0137895
20.7_72.1,20.7116975,72.0774475
20.7_72.4,20.732646,72.428911
20.7_72.5,20.720392333333333,72.49347333333333
20.7_72.7,20.695439,72.67416750000001
20.7_72.8,20.686386,72.820723
20.7_72.9,20.675798,72.915211
20.7_73.0,20.689408,72.954407
20.7_73.1,20.700806999999998,73.096395
20.7_73.2,20.748606,73.178217
20.7_73.3,20.744141,73.260036
20.7_73.4,20.7062545,73.38844399999999
20.7_73.6,20.683642666666668,73.60655133333333
20.7_73.7,20.685112999999998,73.714521
20.7_73.9,20.736877999999997,73.9108825
20.7_74.0,20.707758499999997,74.00652550000001
20.7_74.1,20.6754635,74.1096135
20.7_74.2,20.70507,74.180786
20.7_74.4,20.7353465,74.37458649999999
20.7_74.5,20.712998,74.52476
20.7_74.6,20.685897,74.589068
20.7_74.7,20.654945,74.661159
20.7_74.8,20.7256735,74.80670649999999
20.7_75.0,20.684476,74.983942
20.7_75.1,20.655542,75.141022
20.7_75.3,20.688892,75.300076
20.8_70.8,20.825163,70.753791
20.8_71.0,20.779148,70.966251
20.8_71.2,20.793805,71.1936445
20.8_71.3,20.750265,71.312571
20.8_71.4,20.765597,71.354102
20.8_71.5,20.821637,71.518519
20.8_71.9,20.849647,71.870406
20.8_72.4,20.787322,72.405461
20.8_72.5,20.828985,72.470935
20.8_72.7,20.789781,72.675894
20.8_72.8,20.763895,72.813197
20.8_72.9,20.814798,72.883692
20.8_73.0,20.804299,72.955895
20.8_73.1,20.825938,73.134985
20.8_73.2,20.7986406,73.1772414
20.8_73.3,20.826757,73.275798
20.8_73.4,20.750416,73.425076
20.8_73.5,20.83722,73.450542
20.8_73.6,20.824636,73.644907
20.8_73.9,20.779377,73.906267
20.8_74.0,20.816364,73.971957
20.8_74.5,20.806344000000003,74.530011
20.8_74.7,20.772394,74.712041
20.8_74.8,20.778824999999998,74.84713049999999
20.8_74.9,20.8292445,74.88084850000001
20.8_75.0,20.813852,74.961864
20.8_75.1,20.7931785,75.100055
20.9_70.8,20.898056,70.822425
20.9_71.2,20.902287,71.23781
20.9_71.7,20.865118,71.672201
20.9_71.8,20.931465,71.848643
20.9_71.9,20.927656,71.856687
20.9_72.4,20.901747,72.374846
20.9_72.5,20.879053333333335,72.48793633333334
20.9_72.6,20.923016,72.61187
20.9_73.0,20.866755,72.967182
20.9_73.1,20.93738,73.073392
20.9_73.2,20.900605666666667,73.19195733333333
20.9_73.3,20.922773,73.327305
20.9_73.6,20.9050845,73.609962
20.9_73.7,20.941583,73.661324
20.9_73.8,20.895512,73.804128
20.9_74.0,20.913889333333334,73.98107033333334
20.9_74.2,20.904746666666668,74.18336166666666
20.9_74.3,20.909042,74.309528
20.9_74.7,20.936263,74.74937
20.9_75.2,20.853201,75.192461
21.0_71.0,20.984496999999998,71.034813
21.0_71.2,21.022719,71.198556
21.0_71.4,21.024862,71.409181
21.0_71.6,20.977853,71.588403
21.0_71.8,20.979242,71.758458
21.0_72.0,20.973969,71.990739
21.0_72.1,21.036166,72.069163
21.0_72.2,20.9814495,72.1712725
21.0_72.3,20.953639,72.256705
21.0_72.5,20.957073,72.546052
21.0_72.6,21.020831,72.568042
21.0_72.9,20.952967,72.923006
21.0_73.0,21.032716,72.991187
21.0_73.2,20.965374,73.180895
21.0_73.3,21.032482,73.260292
21.0_73.8,20.968643,73.802112
21.0_74.5,21.00576666666667,74.49581333333333
21.0_74.6,21.042748,74.614404
21.0_74.7,21.036964,74.720082
21.0_74.9,21.028828,74.909517
21.0_75.0,20.965709,74.987728
21.1_70.8,21.090309,70.787396
21.1_70.9,21.094211,70.854955
21.1_71.1,21.124425,71.053081
21.1_71.2,21.147893,71.195071
21.1_71.6,21.052967,71.644934
21.1_71.7,21.141986,71.723395
21.1_72.0,21.11413,72.016696
21.1_72.3,21.082002,72.344149
21.1_72.4,21.139555,72.434396
21.1_72.6,21.0643935,72.5720565
21.1_73.0,21.064088,73.013922
21.1_73.2,21.056743,73.186412
21.1_73.3,21.098418,73.264191
21.1_73.5,21.055841,73.45908
21.1_73.6,21.06725,73.590504
21.1_73.7,21.079293,73.65411
21.1_73.8,21.081396,73.78193
21.1_73.9,21.128524499999997,73.89586750000001
21.1_74.3,21.095496500000003,74.3470285
21.1_74.4,21.101036,74.400812
21.1_74.9,21.081415,74.89675199999999
21.1_87.2,21.13295,87.168403
21.2_71.4,21.150559,71.388277
21.2_71.8,21.194071,71.801371
21.2_72.1,21.226753,72.0982065
21.2_72.3,21.223406,72.270148
21.2_72.4,21.249317,72.426007
21.2_72.5,21.221498,72.527988
21.2_73.2,21.1754875,73.21637100000001
21.2_73.3,21.169524,73.280608
21.2_74.1,21.240143,74.075009
21.2_74.2,21.187504500000003,74.1833665
21.2_74.4,21.198938666666667,74.380521
21.2_86.3,21.16659,86.272242
21.2_87.0,21.244086,86.960561
21.2_87.2,21.242705,87.232477
21.3_71.0,21.274662,70.992166
21.3_71.3,21.291001,71.316692
21.3_71.6,21.294632,71.571683
21.3_71.9,21.318959,71.935253
21.3_72.0,21.338952,72.000795
21.3_72.1,21.335063,72.097883
21.3_72.4,21.332364,72.360998
21.3_72.8,21.275158,72.768977
21.3_72.9,21.267625,72.888036
21.3_73.2,21.271109,73.242803
21.3_73.3,21.300734666666667,73.29337633333334
21.3_73.4,21.295368333333332,73.39638633333334
21.3_74.3,21.310858500000002,74.265737
21.3_74.5,21.277783999999997,74.4928995
21.3_86.6,21.319001,86.630589
21.4_71.2,21.432079,71.236782
21.4_71.4,21.4113,71.354899
21.4_71.7,21.371364,71.697243
21.4_71.8,21.409011,71.833049
21.4_71.9,21.4457775,71.902829
21.4_72.2,21.433526,72.19997433333333
21.4_72.5,21.388176,72.461025
21.4_72.7,21.427954,72.676764
21.4_73.2,21.4133435,73.20843199999999
21.4_73.4,21.351675,73.407353
21.4_73.5,21.403747,73.458673
21.4_73.7,21.398248,73.699645
21.4_73.9,21.379264,73.897733
21.4_74.0,21.39733,73.985058
21.4_74.1,21.38015466666667,74.10879333333334
21.4_86.1,21.400332,86.069634
21.4_86.5,21.377401,86.466196
21.4_87.1,21.426592,87.064139
21.4_87.3,21.421292,87.25115
21.5_71.4,21.542026,71.392735
21.5_71.5,21.503327,71.462507
21.5_72.1,21.455196,72.149095
21.5_72.5,21.486477,72.547337
21.5_72.6,21.512795,72.614317
21.5_72.7,21.542408,72.689562
21.5_72.8,21.476632,72.776763
21.5_73.1,21.537957,73.136285
21.5_73.4,21.529507,73.392145
21.5_73.6,21.495893000000002,73.613106
21.5_73.7,21.529091,73.704441
21.5_73.8,21.474694,73.813867
21.5_73.9,21.481122,73.884685
21.5_74.0,21.542005,73.978606
21.5_74.2,21.509342,74.174623
21.5_86.4,21.500275,86.406843
21.5_86.6,21.534672,86.61952600000001
21.5_86.7,21.495933,86.653058
21.5_87.0,21.501328,86.958908
21.5_87.2,21.481634,87.219315
21.5_87.4,21.492216,87.355879
21.5_87.5,21.487255,87.541487
21.6_71.7,21.553428,71.696642
21.6_72.3,21.627259,72.261562
21.6_72.4,21.593008,72.384795
21.6_72.6,21.613147,72.642801
21.6_72.7,21.581375,72.675553
21.6_72.9,21.628762,72.938682
21.6_73.1,21.618412666666668,73.11311033333334
21.6_73.2,21.5983665,73.2103305
21.6_73.5,21.636795,73.539291
21.6_73.7,21.569902,73.729366
21.6_73.8,21.617127,73.80761
21.6_73.9,21.600681,73.943916
21.6_74.2,21.615388,74.175746
21.6_85.7,21.589371999999997,85.660879
21.6_86.3,21.646492,86.286947
21.6_86.4,21.571674,86.357651
21.7_71.7,21.732307,71.663357
21.7_72.1,21.691132,72.082448
21.7_72.3,21.7031105,72.2904005
21.7_72.6,21.73491,72.618171
21.7_72.7,21.73753,72.745504
21.7_72.8,21.665318,72.841272
21.7_72.9,21.710851,72.902144
21.7_73.1,21.678302,73.056798
21.7_73.3,21.725474,73.32135
21.7_73.5,21.741618,73.507226
21.7_73.8,21.703048,73.834545
21.7_85.6,21.675788,85.555174
21.7_86.2,21.736901,86.192106
21.7_86.9,21.740895,86.943111
21.7_87.0,21.652729,86.999104
21.7_87.1,21.684479,87.059625
21.7_87.4,21.686838,87.401722
21.7_87.9,21.70537,87.944679
21.7_88.2,21.7266395,88.16704999999999
21.7_88.4,21.687813,88.447581
21.8_72.8,21.847294,72.837143
21.8_72.9,21.789739500000003,72.8822785
21.8_73.2,21.842235,73.234367
21.8_74.0,21.750441,73.97683
21.8_85.6,21.805642,85.612349
21.8_86.4,21.787823,86.413688
21.8_86.7,21.810698,86.652097
21.8_87.0,21.788563,87.021848
21.8_87.5,21.756677,87.455441
21.8_88.4,21.815835,88.409713
21.8_88.6,21.8047,88.577205
21.9_72.4,21.906096,72.352789
21.9_72.5,21.874015,72.523545
21.9_72.8,21.940543,72.796901
21.9_73.1,21.886923,73.108155
21.9_85.3,21.937951,85.3335
21.9_85.5,21.898015,85.520692
21.9_85.6,21.904833,85.565756
21.9_85.7,21.915072,85.652741
21.9_86.3,21.888995,86.255072
21.9_86.4,21.884181,86.40167
21.9_87.3,21.883568,87.273092
21.9_88.3,21.9116,88.278961
21.9_88.4,21.915691,88.42568
22.0_73.2,21.974507,73.214161
22.0_85.4,21.971138,85.384403
22.0_86.8,22.04256,86.781978
22.0_86.9,21.970458,86.917427
22.0_87.0,21.971733,86.9970745
22.0_87.6,21.976247,87.596418
22.0_88.4,21.98858,88.359511
22.0_88.8,22.014372,88.8361605
22.1_85.0,22.149349,85.019491
22.1_85.2,22.0943625,85.2008485
22.1_85.3,22.12085,85.316558
22.1_86.6,22.0686965,86.57969550000001
22.1_86.7,22.068865,86.749417
22.1_86.8,22.084095,86.753681
22.1_87.2,22.096827,87.211399
22.1_88.2,22.058597,88.214938
22.1_88.5,22.081251,88.482373
22.1_88.8,22.139443,88.80891
22.1_89.0,22.054228,88.9968
22.2_85.2,22.175164,85.228444
22.2_85.3,22.193373,85.263164
22.2_85.7,22.212171,85.711109
22.2_86.1,22.188140500000003,86.095835
22.2_86.2,22.182658,86.1631065
22.2_86.6,22.179625,86.577315
22.2_86.9,22.166926,86.908798
22.2_87.2,22.231188,87.188425
22.2_87.3,22.223626,87.32982899999999
22.2_88.1,22.245176,88.064883
22.2_88.2,22.165128,88.216663
22.2_88.3,22.156485,88.332455
22.3_85.3,22.345552,85.330009
22.3_85.6,22.262782,85.643084
22.3_85.9,22.297892,85.896386
22.3_86.2,22.3312965,86.208979
22.3_86.5,22.312058,86.475917
22.3_86.6,22.327378333333332,86.59563266666667
22.3_86.7,22.254151,86.701649
22.3_86.8,22.302183,86.78906
22.3_87.2,22.307932,87.158488
22.3_87.4,22.264536,87.444127
22.3_87.5,22.301418,87.451896
22.3_87.7,22.300894,87.690505
22.3_87.8,22.312364,87.778338
22.3_88.7,22.340506,88.744245
22.4_85.0,22.37121,85.026215
22.4_85.2,22.395364,85.216482
22.4_85.3,22.402909,85.313596
22.4_85.7,22.408744,85.721199
22.4_85.8,22.445773,85.844744
22.4_86.0,22.402787500000002,86.0332875
22.4_86.5,22.367931,86.548316
22.4_86.9,22.432067,86.942841
22.4_87.2,22.393012,87.19831233333333
22.4_87.4,22.355457,87.436973
22.4_87.5,22.392985,87.5024515
22.4_87.6,22.369144,87.626221
22.4_87.7,22.4174805,87.6830485
22.4_87.9,22.382153,87.908161
22.4_88.3,22.365861,88.310798
22.4_88.7,22.398422,88.736241
22.4_88.8,22.377299,88.822132
22.5_84.9,22.493226,84.944046
22.5_85.2,22.476245,85.186377
22.5_85.6,22.525232,85.576151
22.5_85.9,22.529147,85.89886
22.5_86.2,22.493113,86.209994
22.5_86.3,22.469472,86.312184
22.5_86.4,22.528293,86.366942
22.5_86.5,22.488211,86.532454
22.5_86.8,22.457422,86.758376
22.5_86.9,22.4999555,86.88065399999999
22.5_87.9,22.545277,87.907107
22.5_88.0,22.516956,88.002863
22.5_88.1,22.457046,88.110653
22.5_88.3,22.467262,88.302819
22.6_84.6,22.566301,84.574458
22.6_85.4,22.577884,85.420917
22.6_85.9,22.60151,85.911151
22.6_86.1,22.590427499999997,86.09489500000001
22.6_86.6,22.617054500000002,86.60701399999999
22.6_86.7,22.6169845,86.72787600000001
22.6_86.9,22.602306,86.90068149999999
22.6_87.2,22.611667,87.21206
22.6_87.3,22.628636,87.349422
22.6_87.4,22.5833675,87.4231285
22.6_87.5,22.56008,87.541183
22.6_87.6,22.596130666666667,87.60082033333333
22.6_87.7,22.563232,87.66126
22.6_87.8,22.550588,87.798047
22.6_87.9,22.555807,87.944315
22.6_88.0,22.607079,88.016721
22.6_88.1,22.550401,88.067862
22.6_88.3,22.636367,88.266763
22.6_88.5,22.582981,88.49547
22.6_88.7,22.610922,88.722593
22.6_89.4,22.606539,89.356283
22.7_84.4,22.725993,84.426807
22.7_85.1,22.674349,85.099937
22.7_85.6,22.678361,85.637236
22.7_85.8,22.684544,85.791967
22.7_85.9,22.665638,85.857882
22.7_86.0,22.666716,86.012582
22.7_86.1,22.706334,86.103636
22.7_86.2,22.741288,86.167366
22.7_86.3,22.722323,86.297055
22.7_86.5,22.7208125,86.5120405
22.7_86.6,22.734595,86.603364
22.7_86.7,22.677903,86.655789
22.7_86.8,22.677221,86.844162
22.7_86.9,22.71269925,86.88929350000001
22.7_87.0,22.733772,86.951258
22.7_87.2,22.704558,87.194382
22.7_87.3,22.678131,87.339443
22.7_87.4,22.709016,87.41112
22.7_87.5,22.724220000000003,87.5042055
22.7_87.6,22.714354,87.64717
22.7_87.8,22.733988,87.836285
22.7_88.1,22.655094,88.10964
22.7_88.2,22.662994333333334,88.22339633333333
22.7_88.7,22.683521,88.7175345
22.8_84.6,22.763641,84.598369
22.8_84.8,22.750621,84.803552
22.8_84.9,22.766276,84.882921
22.8_85.1,22.792057,85.087652
22.8_85.3,22.763409,85.265748
22.8_85.5,22.844729,85.521396
22.8_85.6,22.780065999999998,85.640145
22.8_85.9,22.765908,85.901951
22.8_86.0,22.844185,85.957455
22.8_86.1,22.771724,86.108362
22.8_86.3,22.8326735,86.326495
22.8_86.4,22.801425,86.449429
22.8_86.5,22.801809,86.450295
22.8_86.6,22.766361,86.614351
22.8_86.7,22.771376,86.744176
22.8_86.9,22.753549,86.876345
22.8_87.1,22.7977545,87.115363
22.8_87.2,22.803576,87.163431
22.8_87.4,22.8083135,87.3905655
22.8_87.5,22.79429825,87.497978
22.8_87.6,22.790349,87.553306
22.8_87.7,22.8131505,87.697034
22.8_87.8,22.832864,87.7715
22.8_87.9,22.801773500000003,87.8904325
22.8_88.0,22.819811,88.015807
22.8_88.1,22.830333,88.067278
22.8_88.2,22.83289,88.186705
22.8_88.7,22.780778,88.749471
22.8_89.3,22.839618,89.305144
22.9_84.3,22.909928,84.328069
22.9_84.8,22.92778,84.769759
22.9_85.1,22.889162,85.089314
22.9_85.4,22.887169,85.412759
22.9_85.7,22.909908,85.70363766666667
22.9_85.9,22.928776,85.857568
22.9_86.0,22.892223,86.014199
22.9_86.1,22.918992,86.061202
22.9_86.2,22.895004,86.21409
22.9_86.4,22.896829,86.371087
22.9_86.5,22.90136,86.49937800000001
22.9_86.6,22.918987,86.573407
22.9_86.7,22.861686,86.723711
22.9_86.8,22.946456,86.794996
22.9_86.9,22.938779,86.885973
22.9_87.0,22.884271,86.992021
22.9_87.1,22.89348825,87.10222575
22.9_87.2,22.929021,87.234125
22.9_87.3,22.895436,87.27866066666667
22.9_87.4,22.907647,87.381613
22.9_87.5,22.8934815,87.52128400000001
22.9_87.6,22.8877438,87.5938462
22.9_87.7,22.907967499999998,87.741032
22.9_87.8,22.864561,87.763902
22.9_88.1,22.931705,88.067402
22.9_88.4,22.9139505,88.39599425
22.9_88.6,22.858353,88.569001
22.9_89.5,22.862535,89.477692
23.0_84.3,23.011994,84.336913
23.0_84.5,23.031401,84.484761
23.0_85.1,22.997144666666667,85.09575933333333
23.0_85.2,22.959883,85.216274
23.0_85.4,23.002044,85.357984
23.0_85.6,22.9996,85.622497
23.0_85.8,23.041751,85.76749
23.0_86.0,22.959394,86.028969
23.0_86.1,22.984357,86.143489
23.0_86.2,23.017288,86.236419
23.0_86.5,23.00685375,86.51453000000001
23.0_86.6,23.007842,86.6070165
23.0_86.7,23.011484999999997,86.71726
23.0_86.8,22.9923425,86.79311799999999
23.0_86.9,23.0191922,86.9115836
23.0_87.0,22.9519255,86.97672800000001
23.0_87.1,23.0050805,87.118179
23.0_87.2,22.993718,87.17455133333334
23.0_87.3,22.976185,87.296617
23.0_87.4,22.9958415,87.381591
23.0_87.5,22.9894194,87.50893040000001
23.0_87.6,23.002599,87.621393
23.0_87.7,22.9755365,87.707449
23.0_87.8,23.003507,87.764869
23.0_88.0,23.016773,88.046763
23.0_88.1,23.014032999999998,88.1076685
23.0_88.2,22.952296,88.230427
23.0_88.3,22.999317,88.260113
23.0_88.4,23.016273,88.443318
23.0_89.5,23.014727,89.476685
23.0_89.8,22.951912,89.751951
23.1_84.5,23.077614,84.515865
23.1_85.0,23.055049,85.005477
23.1_85.7,23.07103,85.688351
23.1_85.8,23.140313,85.762495
23.1_85.9,23.104522,85.927294
23.1_86.0,23.091229,85.984197
23.1_86.1,23.134458,86.05292
23.1_86.2,23.109136,86.189348
23.1_86.5,23.10823,86.485939
23.1_86.6,23.13767866666667,86.581136
23.1_86.7,23.068144999999998,86.72073999999999
23.1_86.8,23.103991500000003,86.80628683333333
23.1_86.9,23.100390666666666,86.90903766666668
23.1_87.0,23.121368,87.025003
23.1_87.1,23.078591666666664,87.11385333333334
23.1_87.2,23.112288,87.199512
23.1_87.3,23.114311333333333,87.279816
23.1_87.4,23.118399666666665,87.38505366666668
23.1_87.5,23.141844,87.548374
23.1_87.6,23.0900095,87.61001350000001
23.1_87.7,23.072255,87.739973
23.1_87.8,23.08536433333333,87.80589833333333
23.1_87.9,23.083966,87.884711
23.1_88.0,23.143315,88.035766
23.1_88.1,23.125353,88.074321
23.1_88.2,23.060931,88.160144
23.1_88.3,23.108986,88.311683
23.1_88.7,23.140961,88.714994
23.1_88.8,23.1070385,88.841253
23.1_89.6,23.055025,89.635946
23.2_84.8,23.166601,84.846748
23.2_85.1,23.225264,85.082453
23.2_85.2,23.2169815,85.172114
23.2_85.3,23.216189999999997,85.3178235
23.2_85.6,23.187314,85.619952
23.2_85.7,23.203217,85.687697
23.2_85.8,23.1876465,85.805254
23.2_86.0,23.163668,85.953649
23.2_86.2,23.242222,86.183444
23.2_86.3,23.207431,86.28587350000001
23.2_86.4,23.211513,86.4129595
23.2_86.5,23.19873966666667,86.49010066666666
23.2_86.6,23.196755875,86.59195025
23.2_86.7,23.193115777777777,86.68618
23.2_86.8,23.20656225,86.79974475
23.2_86.9,23.205170666666664,86.90115683333333
23.2_87.0,23.165505,86.981973
23.2_87.1,23.219335166666667,87.103212
23.2_87.2,23.2256005,87.1764855
23.2_87.3,23.2194635,87.297924
23.2_87.4,23.210648000000003,87.42854966666668
23.2_87.5,23.190532166666667,87.50300366666666
23.2_87.6,23.215683333333335,87.607871
23.2_87.7,23.230586000000002,87.6972145
23.2_87.9,23.213484333333337,87.90579066666668
23.2_88.0,23.213279,88.007241
23.2_88.2,23.224525,88.164728
23.2_88.3,23.193601,88.304366
23.2_88.4,23.2137335,88.39933400000001
23.2_88.5,23.211683999999998,88.5039305
23.2_89.0,23.21787,89.020261
23.3_84.3,23.339898,84.276635
23.3_84.8,23.311749,84.77413
23.3_84.9,23.329381,84.914958
23.3_85.5,23.306136,85.546773
23.3_85.7,23.345444,85.66413
23.3_85.9,23.313172999999995,85.916759
23.3_86.0,23.2586685,85.9777945
23.3_86.1,23.263361,86.058254
23.3_86.2,23.329797333333335,86.20750866666667
23.3_86.3,23.284620333333333,86.26957
23.3_86.4,23.2910105,86.4206365
23.3_86.5,23.3123426,86.49506579999999
23.3_86.6,23.315046,86.58963225
23.3_86.7,23.299138375,86.69524575
23.3_86.8,23.306970125,86.78669675
23.3_86.9,23.31177825,86.899265125
23.3_87.0,23.301016444444443,87.01856866666667
23.3_87.1,23.32171483333333,87.10910383333334
23.3_87.2,23.2904315,87.190271125
23.3_87.3,23.296789333333333,87.330084
23.3_87.4,23.305460666666665,87.37218533333333
23.3_87.5,23.2845206,87.4897254
23.3_87.7,23.2928265,87.6799425
23.3_87.8,23.273596666666666,87.79378233333334
23.3_87.9,23.30143525,87.89684325
23.3_88.0,23.345996,87.960862
23.3_88.1,23.346861,88.140961
23.3_88.2,23.317131,88.241644
23.3_88.3,23.258153,88.276309
23.3_88.4,23.319532,88.44805
23.3_88.5,23.319237333333334,88.51311133333333
23.3_88.7,23.271628,88.673785
23.3_89.0,23.301982,88.969831
23.3_89.6,23.280082,89.627888
23.4_84.2,23.440618,84.21447
23.4_84.4,23.355102,84.440031
23.4_84.6,23.402404,84.553653
23.4_85.4,23.414703,85.374143
23.4_85.7,23.398330666666666,85.71058833333332
23.4_85.8,23.355264,85.788684
23.4_86.0,23.3827545,86.01459700000001
23.4_86.1,23.406294000000003,86.08133199999999
23.4_86.2,23.410743,86.216621
23.4_86.3,23.395743,86.323791
23.4_86.4,23.421691000000003,86.424246
23.4_86.5,23.425091,86.480159
23.4_86.6,23.402382499999998,86.587939375
23.4_86.7,23.4101918,86.6959365
23.4_86.8,23.410576833333334,86.7991875
23.4_86.9,23.3833495,86.89552412500001
23.4_87.0,23.41040891666667,87.00078975000001
23.4_87.1,23.401937818181818,87.09464727272727
23.4_87.2,23.406623615384618,87.21009761538463
23.4_87.3,23.388751857142857,87.31257985714285
23.4_87.4,23.422852333333335,87.39702066666666
23.4_87.5,23.40333088888889,87.49467611111112
23.4_87.6,23.3802905,87.622695
23.4_87.7,23.401475166666668,87.71471933333333
23.4_87.8,23.39452266666667,87.78161899999999
23.4_87.9,23.395522,87.946623
23.4_88.0,23.3767415,88.041774
23.4_88.1,23.440908,88.141294
23.4_88.2,23.394599499999998,88.236643
23.4_88.3,23.417948000000003,88.280245
23.4_88.4,23.446685,88.424978
23.4_88.5,23.4177,88.508228
23.4_88.7,23.440784,88.705296
23.4_88.8,23.442715,88.84694
23.4_89.6,23.380985,89.600822
23.4_89.7,23.4330255,89.6868865
23.5_84.4,23.493601,84.394409
23.5_84.8,23.479726,84.823774
23.5_85.0,23.457951,84.963745
23.5_85.1,23.505103,85.089082
23.5_85.2,23.511948,85.19136
23.5_85.4,23.486549,85.402
23.5_85.5,23.470745,85.517388
23.5_85.7,23.53366533333333,85.744459
23.5_85.8,23.5293245,85.7855415
23.5_85.9,23.5136675,85.90924150000001
23.5_86.0,23.505777,85.9592545
23.5_86.1,23.51153125,86.12935375
23.5_86.3,23.513472333333336,86.289202
23.5_86.4,23.491925714285713,86.40755357142858
23.5_86.5,23.504416428571428,86.49896671428571
23.5_86.6,23.50230088888889,86.61216
23.5_86.7,23.514020428571428,86.70321007142857
23.5_86.8,23.510343153846154,86.79320453846154
23.5_86.9,23.49932825,86.89364683333334
23.5_87.0,23.4976805,86.99965978571429
23.5_87.1,23.504660764705882,87.09507323529411
23.5_87.2,23.5079506875,87.1892821875
23.5_87.3,23.512170599999997,87.28733170000001
23.5_87.4,23.5072024,87.3780628
23.5_87.5,23.490020333333334,87.49390322222222
23.5_87.6,23.4969398,87.5923898
23.5_87.7,23.482227,87.6771335
23.5_87.9,23.505181999999998,87.869856
23.5_88.0,23.525812,88.009837
23.5_88.2,23.4990005,88.233267
23.5_88.5,23.511976,88.497074
23.5_88.7,23.504992,88.73307
23.5_88.9,23.477198,88.886982
23.5_89.2,23.52242,89.160182
23.5_89.4,23.459331,89.420346
23.5_89.5,23.480078,89.476085
23.5_89.7,23.480411,89.715514
23.6_84.7,23.556755,84.659797
23.6_85.2,23.600983,85.173759
23.6_85.4,23.552779,85.413206
23.6_85.5,23.600838500000002,85.524991
23.6_85.6,23.621023,85.5943175
23.6_85.8,23.632906,85.8307595
23.6_85.9,23.620581,85.91537349999999
23.6_86.0,23.59362,85.96295
23.6_86.1,23.573046666666666,86.12282966666668
23.6_86.2,23.609232666666667,86.20957400000002
23.6_86.3,23.632119833333334,86.31108083333334
23.6_86.4,23.611688333333333,86.41667733333334
23.6_86.5,23.59629,86.496448375
23.6_86.6,23.60223976923077,86.60351861538462
23.6_86.7,23.610585,86.70506133333333
23.6_86.8,23.59766742857143,86.80140821428571
23.6_86.9,23.59895605882353,86.89565352941177
23.6_87.0,23.604253954545456,86.9934240909091
23.6_87.1,23.61446252173913,87.09811
23.6_87.2,23.59198445,87.2057427
23.6_87.3,23.6059026,87.3024536
23.6_87.4,23.603882384615382,87.400576
23.6_87.5,23.6089384,87.4975495
23.6_87.6,23.6006825,87.60575183333333
23.6_87.7,23.5829212,87.70673339999999
23.6_87.8,23.596986714285713,87.81971542857143
23.6_87.9,23.603592,87.859692
23.6_88.0,23.552346,88.045463
23.6_88.1,23.612022,88.0673735
23.6_88.2,23.564807,88.225467
23.6_88.7,23.596025,88.713494
23.6_88.8,23.624621,88.801453
23.6_88.9,23.574698,88.900483
23.6_89.8,23.605828000000002,89.79658599999999
23.7_84.3,23.719948,84.344436
23.7_84.4,23.719514,84.411711
23.7_84.5,23.692206,84.450452
23.7_85.0,23.67928,84.955594
23.7_85.2,23.721088,85.1967
23.7_85.7,23.666869499999997,85.7028515
23.7_86.0,23.690299999999997,85.98774033333332
23.7_86.1,23.69616625,86.0939035
23.7_86.2,23.715119666666666,86.162307
23.7_86.3,23.6697755,86.3041985
23.7_86.4,23.67751014285714,86.40440942857143
23.7_86.5,23.698177454545455,86.48965145454545
23.7_86.6,23.684847,86.59607341666667
23.7_86.7,23.704451428571428,86.70058614285713
23.7_86.8,23.70240005882353,86.80648541176471
23.7_86.9,23.696352320000003,86.89555463999999
23.7_87.0,23.69955625,86.99285041666667
23.7_87.1,23.691077304347825,87.09129265217392
23.7_87.2,23.70326547826087,87.20211330434782
23.7_87.3,23.702885272727272,87.30017986363636
23.7_87.4,23.69310025,87.39838275
23.7_87.5,23.701441266666667,87.484152
23.7_87.6,23.701050555555558,87.60646244444445
23.7_87.7,23.701922333333336,87.6843901111111
23.7_87.8,23.69152888888889,87.81105277777777
23.7_87.9,23.7141345,87.89352550000001
23.7_88.0,23.726611333333334,87.99038033333333
23.7_88.1,23.701139,88.102577
23.7_88.3,23.659139,88.307146
23.7_88.4,23.684229,88.435986
23.7_88.5,23.743344,88.486044
23.7_88.7,23.652817,88.669251
23.7_88.8,23.706205,88.7668655
23.7_89.0,23.720778,88.970717
23.7_89.2,23.724521,89.244331
23.7_89.5,23.726547500000002,89.49190300000001
23.8_84.9,23.813334,84.865865
23.8_85.3,23.819441,85.346699
23.8_85.4,23.81018933333333,85.43993666666667
23.8_85.6,23.793038,85.57599450000001
23.8_85.8,23.794968500000003,85.794152
23.8_85.9,23.845663,85.948125
23.8_86.0,23.798542166666664,85.987148
23.8_86.1,23.754025,86.093393
23.8_86.2,23.81548033333333,86.23492566666665
23.8_86.3,23.803179999999998,86.300719
23.8_86.4,23.8115725,86.4002519
23.8_86.5,23.79552442857143,86.51075535714286
23.8_86.6,23.805558722222223,86.59437183333334
23.8_86.7,23.804724428571426,86.70304914285714
23.8_86.8,23.8003316,86.80503073333333
23.8_86.9,23.794503962962963,86.89884625925926
23.8_87.0,23.8003527,86.99792866666667
23.8_87.1,23.795670828571428,87.09128945714285
23.8_87.2,23.80647440625,87.195165875
23.8_87.3,23.80180385185185,87.30563703703703
23.8_87.4,23.79731992857143,87.39800678571429
23.8_87.5,23.81018026923077,87.49448292307693
23.8_87.6,23.79394209090909,87.58698709090909
23.8_87.7,23.8128186,87.6974034
23.8_87.8,23.8051975,87.79445375
23.8_87.9,23.793948375,87.91832725
23.8_88.0,23.78580875,87.9904125
23.8_88.2,23.772327,88.18115633333332
23.8_88.3,23.754112,88.327866
23.8_88.6,23.796346,88.584029
23.8_88.9,23.785538,88.881791
23.8_89.0,23.830452,88.955167
23.8_89.2,23.820708,89.18033
23.8_89.5,23.791977,89.522738
23.9_84.8,23.922694,84.8208
23.9_84.9,23.865605,84.870038
23.9_85.4,23.895713,85.359001
23.9_85.5,23.868846666666666,85.49595333333333
23.9_85.6,23.924335,85.6059645
23.9_85.7,23.8556,85.695095
23.9_85.8,23.883896,85.825302
23.9_85.9,23.914299999999997,85.89125533333333
23.9_86.0,23.895276000000003,85.9962114
23.9_86.1,23.9204306,86.1114718
23.9_86.2,23.893512,86.20116883333333
23.9_86.3,23.9011728,86.282115
23.9_86.4,23.899622181818184,86.38760127272727
23.9_86.5,23.911843166666667,86.50101283333333
23.9_86.6,23.904687931034484,86.6064773448276
23.9_86.7,23.9066786,86.6991024
23.9_86.8,23.901320078947368,86.8004692631579
23.9_86.9,23.900179422222223,86.89865853333333
23.9_87.0,23.902304649999998,86.998326825
23.9_87.1,23.91041770833333,87.10011741666666
23.9_87.2,23.911433484848487,87.19641215151515
23.9_87.3,23.905955454545452,87.30041104545454
23.9_87.4,23.898154892857143,87.39549528571429
23.9_87.5,23.903899999999997,87.48774700000001
23.9_87.6,23.901277866666664,87.59859253333335
23.9_87.7,23.92245133333333,87.70007633333334
23.9_87.8,23.894554333333332,87.81990266666666
23.9_87.9,23.908099333333336,87.91618899999999
23.9_88.0,23.89285,87.951375
23.9_88.1,23.88268233333333,88.10114933333334
23.9_88.3,23.89289,88.317224
23.9_88.4,23.900971,88.43375
23.9_88.7,23.942266,88.694428
23.9_89.0,23.85146,88.960145
23.9_89.1,23.883316,89.102059
23.9_89.7,23.9139325,89.7188645
24.0_84.3,23.986774,84.32569
24.0_84.9,23.98362333333333,84.91475200000001
24.0_85.1,23.97009,85.119561
24.0_85.4,24.047757,85.402765
24.0_85.8,23.9914295,85.8286495
24.0_85.9,23.986614,85.8579105
24.0_86.0,23.9877645,85.99518433333333
24.0_86.1,23.999628,86.09604625
24.0_86.2,23.999093,86.2154764
24.0_86.3,23.997496875,86.30451587499999
24.0_86.4,24.0083336,86.4124982
24.0_86.5,24.001260066666667,86.50532133333333
24.0_86.6,23.99074156521739,86.60808826086956
24.0_86.7,24.00421811764706,86.69363591176472
24.0_86.8,24.006807414634146,86.80104824390244
24.0_86.9,24.002719317073172,86.90762612195121
24.0_87.0,24.004322600000002,87.00418891428572
24.0_87.1,24.000764642857146,87.10296849999999
24.0_87.2,23.99837921212121,87.19069854545455
24.0_87.3,23.999151967741934,87.30081706451612
24.0_87.4,23.990135942857144,87.39486757142858
24.0_87.5,23.9996361,87.49522175
24.0_87.6,24.0047375,87.5892573888889
24.0_87.7,24.010549222222224,87.69408455555555
24.0_87.8,24.0006904,87.7991612
24.0_87.9,23.993784428571427,87.89647985714285
24.0_88.0,24.00639766666667,88.01750616666668
24.0_88.1,23.978848499999998,88.09851524999999
24.0_88.3,23.993307,88.288141
24.0_88.7,23.958257,88.702662
24.0_89.1,23.966253,89.083641
24.0_89.2,24.020102,89.245479
24.0_89.7,24.001739,89.70733949999999
24.0_89.9,23.990597,89.860982
24.1_84.3,24.090956,84.283076
24.1_85.0,24.120797,85.0192065
24.1_85.1,24.085898,85.068567
24.1_85.4,24.072437,85.432222
24.1_85.5,24.086219,85.549811
24.1_85.6,24.0889485,85.607586
24.1_85.7,24.068465,85.678472
24.1_85.9,24.058225,85.881725
24.1_86.0,24.091371,86.034303
24.1_86.1,24.0728425,86.0922865
24.1_86.2,24.097126,86.19476033333335
24.1_86.3,24.10878225,86.32526575
24.1_86.4,24.100402999999996,86.41468672727272
24.1_86.5,24.10355675,86.5061640625
24.1_86.6,24.0994305,86.59814742857144
24.1_86.7,24.09630372972973,86.7028788108108
24.1_86.8,24.101402125,86.81189103125
24.1_86.9,24.107804232558138,86.89783090697675
24.1_87.0,24.104861815789473,86.99849410526315
24.1_87.1,24.09324325,87.101016375
24.1_87.2,24.098559862068967,87.19322020689654
24.1_87.3,24.1145005,87.2963317
24.1_87.4,24.093670586206898,87.39286075862069
24.1_87.5,24.102813649999998,87.49916405
24.1_87.6,24.095363,87.59490661904762
24.1_87.7,24.105910375,87.705191
24.1_87.8,24.09322825,87.81407875
24.1_87.9,24.08923325,87.90671875000001
24.1_88.0,24.0947655,87.990126
24.1_88.1,24.116893,88.067898
24.1_88.2,24.103628,88.171748
24.1_88.4,24.1033435,88.3731745
24.1_88.6,24.110439,88.5575135
24.1_88.7,24.084393,88.7094625
24.1_88.8,24.080582,88.845998
24.1_89.4,24.121475,89.442424
24.1_89.8,24.054516,89.832759
24.2_84.3,24.203716,84.255053
24.2_84.4,24.243733,84.392972
24.2_84.5,24.193719,84.469928
24.2_84.6,24.206442,84.555407
24.2_85.6,24.183669,85.617424
24.2_85.7,24.191225,85.7322025
24.2_85.9,24.2049855,85.9356315
24.2_86.0,24.207072999999998,86.0009395
24.2_86.1,24.196044,86.0982815
24.2_86.2,24.1955536,86.2114554
24.2_86.3,24.219214142857144,86.30563914285713
24.2_86.4,24.19573658823529,86.40512641176471
24.2_86.5,24.18745014285714,86.50503428571429
24.2_86.6,24.211900333333332,86.60736066666668
24.2_86.7,24.20459053488372,86.70222497674419
24.2_86.8,24.191593033333334,86.79335756666666
24.2_86.9,24.18567676470588,86.90150682352942
24.2_87.0,24.19717148,87.00012048
24.2_87.1,24.198871307692308,87.11236123076924
24.2_87.2,24.1896834,87.18568263333333
24.2_87.3,24.198882666666666,87.29671814285715
24.2_87.4,24.197673549999998,87.39188444999999
24.2_87.5,24.188703999999998,87.49585275999999
24.2_87.6,24.192268000000002,87.60837454545455
24.2_87.7,24.174948142857144,87.68428914285714
24.2_87.8,24.182425625,87.803875875
24.2_87.9,24.2213274,87.8691372
24.2_88.0,24.2134135,87.96634499999999
24.2_88.1,24.228009,88.131325
24.2_88.2,24.2022725,88.190717
24.2_88.4,24.2438175,88.409163
24.2_88.5,24.20146,88.528142
24.2_88.9,24.173538,88.888692
24.2_89.2,24.231607,89.21998
24.2_89.5,24.183163999999998,89.5164475
24.2_89.6,24.233018,89.552681
24.3_84.5,24.323636,84.543342
24.3_84.7,24.279881,84.719779
24.3_85.0,24.267134,84.95731
24.3_85.3,24.286189,85.3025925
24.3_85.6,24.31219,85.622785
24.3_85.7,24.301940666666667,85.71826633333335
24.3_85.8,24.296613999999998,85.82542
24.3_85.9,24.268521,85.911964
24.3_86.0,24.30096675,86.031009
24.3_86.1,24.308574,86.135171
24.3_86.2,24.3104375,86.1839635
24.3_86.3,24.314597142857142,86.29719114285714
24.3_86.4,24.284328833333333,86.40287966666666
24.3_86.5,24.308243428571426,86.49151114285714
24.3_86.6,24.3097475,86.58306391666667
24.3_86.7,24.298246208333335,86.70613866666667
24.3_86.8,24.29884570833333,86.80284308333334
24.3_86.9,24.28972303703704,86.89768607407407
24.3_87.0,24.298134772727277,87.01289504545456
24.3_87.1,24.30724538095238,87.108227
24.3_87.2,24.29567340909091,87.18899986363637
24.3_87.3,24.294130090909093,87.29715736363636
24.3_87.4,24.295063714285714,87.40773728571428
24.3_87.5,24.29688705263158,87.49151884210526
24.3_87.6,24.28993208333333,87.60292733333334
24.3_87.7,24.2711205,87.67807400000001
24.3_87.8,24.2746486,87.7909626
24.3_87.9,24.29463475,87.88029775
24.3_88.0,24.296430666666666,87.97848633333332
24.3_88.2,24.301708666666666,88.20184566666667
24.3_88.4,24.284713500000002,88.399025
24.3_88.6,24.297301333333333,88.593204
24.3_88.7,24.338871,88.658493
24.3_88.8,24.341101,88.841564
24.4_84.5,24.412824,84.547734
24.4_85.1,24.440576999999998,85.0826
24.4_85.2,24.42588,85.187046
24.4_85.3,24.376305,85.291401
24.4_85.5,24.397600500000003,85.4795275
24.4_85.6,24.3905,85.6141545
24.4_86.0,24.409314,86.01563
24.4_86.1,24.4141165,86.13033250000001
24.4_86.2,24.419725333333332,86.21303933333333
24.4_86.3,24.4012454,86.3018722
24.4_86.4,24.40266625,86.3886975
24.4_86.5,24.402632285714283,86.489562
24.4_86.6,24.383112923076922,86.6046033076923
24.4_86.7,24.407520529411762,86.70360594117648
24.4_86.8,24.396502647058824,86.79927329411764
24.4_86.9,24.3968274,86.90225473333334
24.4_87.0,24.391811625,86.9909715
24.4_87.1,24.391619777777777,87.10077133333333
24.4_87.2,24.399638,87.19305388461538
24.4_87.3,24.394226923076925,87.30447123076922
24.4_87.4,24.39425266666667,87.39869275000001
24.4_87.5,24.4003336,87.4857385
24.4_87.6,24.402710666666668,87.58774799999999
24.4_87.7,24.3799165,87.67811549999999
24.4_87.8,24.416206666666668,87.78330366666667
24.4_87.9,24.3970045,87.88444799999999
24.4_88.0,24.445539,88.011538
24.4_88.1,24.4020455,88.0847045
24.4_88.2,24.37649466666667,88.18665600000001
24.4_88.4,24.414879,88.4136035
24.4_88.5,24.408379,88.4648345
24.4_89.2,24.400419,89.231654
24.4_89.7,24.3964715,89.69811150000001
24.5_85.8,24.498739999999998,85.8266745
24.5_86.1,24.478119,86.07677100000001
24.5_86.2,24.516295,86.19079266666667
24.5_86.3,24.488820500000003,86.307101
24.5_86.4,24.482472,86.4130384
24.5_86.5,24.505536,86.50610057142856
24.5_86.6,24.484046923076924,86.60246976923077
24.5_86.7,24.48356575,86.70168291666666
24.5_86.8,24.48711753846154,86.80384876923077
24.5_86.9,24.495918,86.90094285714285
24.5_87.0,24.49894635,86.99920435
24.5_87.1,24.50205013636364,87.1078949090909
24.5_87.2,24.498469625,87.200924
24.5_87.3,24.494107866666663,87.3017232
24.5_87.4,24.511460666666665,87.39372241666666
24.5_87.5,24.518913222222224,87.50559766666667
24.5_87.6,24.47345466666667,87.59538966666666
24.5_87.7,24.500427000000002,87.678625
24.5_87.8,24.48967175,87.783748
24.5_87.9,24.51348333333333,87.89253633333333
24.5_88.0,24.515347,88.019004
24.5_88.1,24.50189,88.09042033333333
24.5_88.3,24.472188666666668,88.27148900000002
24.5_88.4,24.477563,88.445106
24.5_89.5,24.508714,89.499125
24.6_84.8,24.559278,84.76712
24.6_85.2,24.6061555,85.19591650000001
24.6_85.5,24.5863855,85.4683395
24.6_85.7,24.6028065,85.68776550000001
24.6_85.8,24.644698,85.844641
24.6_85.9,24.574931499999998,85.88240400000001
24.6_86.0,24.616256,85.964744
24.6_86.2,24.558931,86.181683
24.6_86.3,24.57291725,86.29834775
24.6_86.4,24.60056,86.4001595
24.6_86.5,24.572428000000002,86.522177
24.6_86.6,24.571792,86.61448742857144
24.6_86.7,24.600192,86.71057099999999
24.6_86.8,24.5989312,86.7865215
24.6_86.9,24.59431923529412,86.89647511764706
24.6_87.0,24.595434333333333,87.00741958333333
24.6_87.1,24.58832191666667,87.10325858333333
24.6_87.2,24.587519363636364,87.193043
24.6_87.3,24.594051,87.30601060000001
24.6_87.4,24.5948947,87.3874481
24.6_87.5,24.608041571428572,87.51032185714287
24.6_87.6,24.59052075,87.59203099999999
24.6_87.7,24.631851,87.686774
24.6_87.8,24.61356885714286,87.80953114285714
24.6_87.9,24.633516,87.91805733333335
24.6_88.0,24.576057000000002,88.01698066666667
24.6_88.1,24.646294,88.067238
24.6_88.2,24.611891999999997,88.1736325
24.6_88.3,24.612888,88.257619
24.6_88.5,24.589981,88.517738
24.6_88.7,24.572673,88.686091
24.6_89.3,24.590318,89.310964
24.6_89.5,24.562723,89.485478
24.6_89.6,24.577309,89.61089
24.7_84.3,24.677484999999997,84.302877
24.7_84.5,24.723388,84.461776
24.7_85.2,24.654788,85.174288
24.7_85.5,24.69297,85.461343
24.7_85.6,24.6701,85.606221
24.7_86.0,24.694839,86.021757
24.7_86.1,24.668847,86.120454
24.7_86.2,24.698881,86.17671966666667
24.7_86.3,24.696637666666664,86.3114915
24.7_86.4,24.6963912,86.40734540000001
24.7_86.5,24.67319075,86.49432175
24.7_86.6,24.719212,86.61305283333333
24.7_86.7,24.684749333333333,86.69482049999999
24.7_86.8,24.70087157142857,86.78641057142856
24.7_86.9,24.694246916666668,86.91627166666666
24.7_87.0,24.7034305,86.98351566666668
24.7_87.1,24.6991884,87.0810084
24.7_87.2,24.708144,87.20472366666667
24.7_87.3,24.697226699999998,87.2967532
24.7_87.4,24.688500166666667,87.43562316666667
24.7_87.5,24.699357499999998,87.49166325
24.7_87.6,24.70906533333333,87.578397
24.7_87.7,24.685399,87.690129
24.7_87.8,24.6907365,87.8142205
24.7_88.0,24.68766666666667,87.979197
24.7_88.1,24.680575,88.0957155
24.7_88.2,24.710301,88.226468
24.7_88.4,24.673707,88.412749
24.7_88.5,24.65237,88.53369
24.7_88.6,24.721244,88.646147
24.7_88.7,24.7016895,88.7208665
24.7_88.8,24.728756,88.847883
24.7_89.0,24.678935,88.992158
24.7_89.2,24.656741,89.204561
24.7_89.7,24.679144,89.745937
24.8_85.1,24.796772500000003,85.09409
24.8_85.3,24.816297,85.347151
24.8_85.4,24.771206,85.418499
24.8_85.7,24.79003,85.713322
24.8_86.1,24.790667499999998,86.0968835
24.8_86.4,24.80380925,86.414377
24.8_86.5,24.831817,86.526683
24.8_86.6,24.802186,86.559747
24.8_86.7,24.792244750000002,86.70836175
24.8_86.8,24.812134,86.794736125
24.8_86.9,24.7731626,86.9024882
24.8_87.0,24.798576,87.0031995
24.8_87.1,24.8201142,87.11907959999999
24.8_87.2,24.782921875,87.190650375
24.8_87.3,24.81469233333333,87.29030033333333
24.8_87.4,24.78042525,87.3992645
24.8_87.5,24.76981766666667,87.50043166666667
24.8_87.6,24.786091,87.59473775
24.8_87.7,24.806453,87.69529533333333
24.8_87.8,24.810820666666668,87.76756
24.8_87.9,24.793534,87.910123
24.8_88.0,24.7753145,87.9999555
24.8_88.1,24.7803105,88.1058765
24.8_88.3,24.8126735,88.286078
24.8_88.6,24.802864,88.604068
24.8_88.8,24.810046,88.805668
24.8_89.1,24.849474,89.095327
24.8_89.2,24.831188,89.233285
24.8_89.6,24.751561,89.569093
24.9_84.5,24.867014,84.500044
24.9_85.7,24.948462,85.69923
24.9_85.8,24.85936,85.808416
24.9_86.1,24.9367455,86.10629399999999
24.9_86.3,24.852531,86.316143
24.9_86.4,24.867799,86.40043666666668
24.9_86.5,24.921395500000003,86.5230685
24.9_86.6,24.9128384,86.6098846
24.9_86.7,24.8963535,86.732629
24.9_86.8,24.886535999999996,86.81758766666667
24.9_86.9,24.917703250000002,86.89573375
24.9_87.0,24.89923933333333,86.996642
24.9_87.2,24.905413199999998,87.1900342
24.9_87.3,24.917934000000002,87.30438466666668
24.9_87.4,24.862796,87.375119
24.9_87.5,24.913096333333332,87.477121
24.9_87.6,24.911904,87.55244
24.9_87.7,24.911088499999998,87.6942655
24.9_87.9,24.873117,87.901925
24.9_88.0,24.870737666666667,87.99591033333333
24.9_88.1,24.873481,88.142428
24.9_88.5,24.919901,88.475683
24.9_88.6,24.941186,88.636974
24.9_88.7,24.912839,88.684168
24.9_88.8,24.856463,88.836875
24.9_89.0,24.8636505,88.995205
24.9_89.1,24.864893,89.065797
24.9_89.2,24.874009,89.165776
24.9_89.7,24.933274,89.684511
25.0_84.6,24.980253,84.555558
25.0_85.3,25.020939,85.2893675
25.0_85.4,25.028499500000002,85.382452
25.0_85.6,24.972125,85.605553
25.0_85.8,25.025356,85.78876
25.0_85.9,24.969733,85.938153
25.0_86.1,24.98965225,86.10884125
25.0_86.2,25.038847,86.233244
25.0_86.3,24.993263,86.2504635
25.0_86.4,25.000343,86.37977366666667
25.0_86.5,25.0068695,86.5227405
25.0_86.6,24.992903,86.5841345
25.0_86.7,25.0123296,86.6872592
25.0_86.9,24.995966250000002,86.8910795
25.0_87.1,24.98417475,87.1002385
25.0_87.2,24.997167400000002,87.209412
25.0_87.3,25.011751333333333,87.29342166666667
25.0_87.4,24.996801,87.428584
25.0_87.5,24.955996,87.530694
25.0_87.6,25.03145,87.628049
25.0_87.7,24.979211,87.7177025
25.0_87.9,24.976356,87.92868
25.0_88.0,25.025104,88.042713
25.0_88.1,25.04719,88.079601
25.0_88.2,24.982654999999998,88.20301233333333
25.0_88.3,24.995301,88.325187
25.0_88.6,24.974149,88.619885
25.0_89.0,25.028992,88.956343
25.0_89.2,24.955145,89.207254
25.1_84.5,25.090519,84.537293
25.1_85.3,25.081462,85.347075
25.1_85.6,25.0970505,85.6029805
25.1_85.9,25.116856,85.92476500000001
25.1_86.0,25.118357,86.007475
25.1_86.1,25.091934,86.066716
25.1_86.2,25.0742425,86.22196
25.1_86.3,25.072333,86.277647
25.1_86.4,25.1127785,86.412341
25.1_86.5,25.094468333333335,86.48993166666666
25.1_86.8,25.145607,86.813306
25.1_86.9,25.09194666666667,86.89572733333334
25.1_87.0,25.066124,86.99123
25.1_87.1,25.065067,87.107304
25.1_87.2,25.089845999999998,87.188112
25.1_87.3,25.112261,87.27877
25.1_87.4,25.11344,87.408669
25.1_87.6,25.090896333333333,87.58862633333332
25.1_87.7,25.089745,87.65556
25.1_87.8,25.070438333333332,87.80755233333333
25.1_87.9,25.110514,87.866246
25.1_88.0,25.1362665,87.9932475
25.1_88.2,25.108962,88.239185
25.1_88.4,25.106949,88.3803835
25.1_88.6,25.108283,88.552342
25.1_88.9,25.100567,88.948626
25.1_89.3,25.123433,89.287849
25.1_89.6,25.138414,89.609563
25.2_85.8,25.151908,85.777783
25.2_85.9,25.174372,85.947509
25.2_86.0,25.249948,86.006344
25.2_86.2,25.193475,86.227805
25.2_86.3,25.232999,86.326062
25.2_86.6,25.191974,86.611398
25.2_86.8,25.223073,86.750677
25.2_87.1,25.191011666666668,87.07004833333333
25.2_87.2,25.159215,87.24024
25.2_87.3,25.204722500000003,87.314572
25.2_87.4,25.179513,87.42362299999999
25.2_87.5,25.205704,87.46665275000001
25.2_87.6,25.199478,87.586454
25.2_88.0,25.230173,87.964901
25.2_88.1,25.1818305,88.0859355
25.2_88.2,25.214372,88.150489
25.2_88.4,25.197144,88.414287
25.2_88.7,25.156358,88.741717
25.2_88.8,25.186748,88.769468
25.2_89.1,25.1853475,89.1190005
25.2_89.3,25.162849,89.292821
25.2_89.5,25.199916,89.5201015
25.3_85.3,25.287338,85.299982
25.3_85.7,25.314916,85.69572600000001
25.3_85.9,25.332926,85.904266
25.3_86.0,25.275213,85.952589
25.3_86.3,25.254917,86.286859
25.3_86.4,25.320225,86.42319699999999
25.3_86.5,25.3237845,86.49432350000001
25.3_86.8,25.348888,86.834648
25.3_86.9,25.310778,86.85199
25.3_87.2,25.314836,87.200028
25.3_87.3,25.335104,87.289519
25.3_87.4,25.252941,87.407845
25.3_87.5,25.307849,87.518476
25.3_87.6,25.293511,87.613078
25.3_87.8,25.28922833333333,87.780941
25.3_87.9,25.2678425,87.90657200000001
25.3_88.2,25.284434,88.239635
25.3_88.4,25.344687,88.431085
25.3_89.3,25.274923,89.269162
25.4_84.5,25.392653,84.52558
25.4_85.8,25.401763,85.844912
25.4_86.1,25.3677895,86.13218499999999
25.4_86.3,25.389583,86.29550866666666
25.4_86.5,25.360158,86.488652
25.4_86.6,25.352171,86.612743
25.4_86.7,25.353629,86.660532
25.4_86.8,25.429336,86.8103005
25.4_87.1,25.389004,87.0931745
25.4_87.2,25.36073,87.226532
25.4_87.3,25.412714,87.2740825
25.4_87.4,25.40628,87.354914
25.4_87.5,25.3707245,87.5072065
25.4_87.8,25.433877,87.81632
25.4_88.7,25.378923,88.652329
25.4_88.8,25.396458,88.753033
25.4_89.0,25.423702,88.962297
25.4_89.3,25.379721,89.283704
25.5_85.7,25.468993,85.658481
25.5_85.8,25.475813,85.814525
25.5_86.0,25.495484,85.971765
25.5_86.2,25.49401,86.152511
25.5_86.3,25.526222,86.277728
25.5_86.4,25.539614,86.42246
25.5_86.5,25.519094,86.50008
25.5_86.6,25.521078,86.565793
25.5_86.7,25.450816,86.746019
25.5_86.8,25.462186,86.83385
25.5_86.9,25.474027,86.92208
25.5_87.0,25.450192,86.984243
25.5_87.2,25.527956,87.166666
25.5_87.3,25.488192,87.279917
25.5_87.4,25.541041,87.370148
25.5_87.6,25.514997,87.586917
25.5_87.8,25.454857,87.836447
25.5_88.0,25.511613500000003,88.001284
25.5_88.1,25.474134,88.100874
25.5_88.2,25.527491,88.179198
25.5_88.3,25.471215,88.290338
25.5_88.5,25.509691,88.48252049999999
25.5_88.8,25.505984,88.821851
25.5_89.0,25.526353,88.960668
25.5_89.1,25.489834,89.103148
25.6_77.4,25.610319,77.389106
25.6_85.3,25.559812,85.348658
25.6_85.5,25.578228,85.474478
25.6_85.6,25.595525,85.5762695
25.6_85.9,25.591642,85.861708
25.6_86.0,25.613518,86.004495
25.6_86.1,25.6351665,86.1150885
25.6_86.4,25.575343,86.357668
25.6_86.5,25.582171000000002,86.491432
25.6_86.6,25.632568,86.648216
25.6_87.4,25.602258,87.417416
25.6_87.7,25.587529,87.680056
25.6_87.9,25.581491,87.8879065
25.6_88.3,25.620464,88.25855
25.6_88.9,25.615671,88.920108
25.7_76.8,25.74095,76.813976
25.7_76.9,25.720867,76.912746
25.7_77.1,25.657501,77.066497
25.7_77.3,25.740792,77.262185
25.7_77.6,25.744237,77.588522
25.7_85.6,25.650078,85.614428
25.7_86.0,25.682933,86.024143
25.7_86.7,25.651125,86.739333
25.7_87.0,25.683220000000002,87.02320466666667
25.7_87.2,25.705439,87.196564
25.7_87.4,25.72217,87.379239
25.7_87.8,25.660401,87.79048399999999
25.7_87.9,25.651721,87.929768
25.7_88.1,25.732817,88.06364
25.7_89.1,25.657336,89.135619
25.7_89.2,25.749824,89.185643
25.7_89.3,25.651862,89.270211
25.7_89.4,25.694162,89.420418
25.8_76.3,25.8056985,76.25350800000001
25.8_76.5,25.757954,76.545667
25.8_76.8,25.794258,76.761631
25.8_77.1,25.793940600000003,77.0979686
25.8_77.3,25.8179,77.344385
25.8_77.6,25.768131,77.566667
25.8_77.7,25.79046,77.717804
25.8_78.1,25.848701,78.116326
25.8_78.2,25.849465,78.205396
25.8_85.0,25.848415,85.032756
25.8_85.1,25.820876,85.06821550000001
25.8_85.9,25.845578,85.91983
25.8_86.0,25.836993,85.961426
25.8_86.3,25.831228,86.330608
25.8_86.4,25.83172,86.403442
25.8_86.8,25.750582,86.840884
25.8_86.9,25.825393,86.930434
25.8_87.2,25.809383500000003,87.1753765
25.8_87.5,25.844677,87.474278
25.8_88.1,25.848046,88.144613
25.8_88.5,25.809749,88.496391
25.8_88.8,25.833989,88.751429
25.9_76.0,25.859521,75.991437
25.9_76.7,25.867387,76.693917
25.9_76.8,25.882392,76.810438
25.9_77.0,25.93715,77.021743
25.9_77.1,25.941538,77.086511
25.9_77.3,25.876857,77.270528
25.9_77.4,25.876451,77.428685
25.9_77.5,25.899294,77.48449
25.9_77.6,25.897800500000002,77.61516449999999
25.9_77.8,25.942433,77.757528
25.9_77.9,25.869465,77.854416
25.9_85.1,25.873151,85.090766
25.9_85.5,25.924779,85.512692
25.9_85.6,25.88075,85.598313
25.9_86.6,25.913106,86.621829
25.9_86.7,25.913632,86.6911865
25.9_86.8,25.917238,86.768537
25.9_86.9,25.907650500000003,86.9092165
25.9_87.0,25.905712,87.0001
25.9_87.2,25.917954,87.165371
25.9_87.3,25.906254,87.258964
25.9_87.4,25.876234,87.375074
25.9_88.3,25.850529,88.332275
25.9_88.6,25.903584,88.608621
25.9_88.7,25.873001,88.7371
25.9_88.9,25.914758,88.886982
25.9_89.0,25.936562,88.998021
26.0_75.5,25.990571,75.474594
26.0_75.6,25.998162999999998,75.60127175
26.0_75.9,26.009305,75.941833
26.0_76.1,26.004986,76.055759
26.0_76.3,25.999255,76.278
26.0_76.5,26.029353,76.478284
26.0_76.6,26.021668,76.62063
26.0_76.7,26.028165,76.723132
26.0_76.8,25.9981545,76.80194825
26.0_76.9,25.982533,76.935477
26.0_77.0,26.014121,77.018749
26.0_77.3,26.02448,77.2953495
26.0_77.6,25.984398,77.617808
26.0_77.7,26.0132345,77.6899565
26.0_77.9,26.016144,77.861254
26.0_78.1,25.965925,78.053955
26.0_85.6,25.988982999999998,85.6379405
26.0_85.8,25.95208,85.845861
26.0_85.9,25.969347,85.915129
26.0_86.6,25.964568,86.560521
26.0_86.9,25.956452,86.893833
26.0_87.0,26.0213825,87.0271165
26.0_87.1,26.018438,87.146335
26.0_87.2,25.971292,87.232748
26.0_87.7,26.035118,87.651626
26.0_88.6,26.018483,88.632092
26.0_88.7,26.003781500000002,88.7074485
26.0_89.1,25.9923,89.087299
26.1_75.2,26.139354,75.218634
26.1_75.3,26.074534,75.334576
26.1_75.9,26.118859,75.8767135
26.1_76.0,26.057179,76.025563
26.1_76.1,26.050121,76.074972
26.1_76.2,26.052353,76.21294
26.1_76.3,26.085088,76.314846
26.1_76.5,26.12042,76.508745
26.1_76.6,26.110592333333333,76.60927466666668
26.1_76.7,26.077242,76.698595
26.1_76.8,26.071569,76.78657866666667
26.1_77.0,26.09207166666667,76.99988166666667
26.1_77.1,26.088852000000003,77.10910466666667
26.1_77.2,26.110596666666666,77.19345833333334
26.1_77.3,26.120126,77.326518
26.1_77.6,26.073803,77.63049
26.1_77.7,26.105489,77.74231
26.1_77.9,26.1370525,77.8569015
26.1_78.0,26.1032035,78.02056400000001
26.1_78.6,26.136217,78.62666
26.1_78.7,26.10952,78.707231
26.1_84.9,26.05434,84.892943
26.1_85.0,26.050472,84.991296
26.1_85.1,26.0621365,85.073497
26.1_85.8,26.078522,85.843561
26.1_86.9,26.087371,86.856763
26.1_87.3,26.12767,87.306204
26.1_87.4,26.089486,87.42762
26.1_87.6,26.060558,87.636735
26.1_87.7,26.0844065,87.6971785
26.1_87.8,26.096285,87.77466
26.1_88.0,26.147595,88.028138
26.1_88.5,26.090881,88.510975
26.1_88.6,26.144641,88.559039
26.1_88.7,26.050391,88.705972
26.1_88.9,26.051929,88.867712
26.1_89.1,26.059004,89.060857
26.2_75.7,26.188989,75.72663700000001
26.2_75.8,26.167502,75.82238
26.2_75.9,26.179493,75.926317
26.2_76.0,26.1784325,75.969312
26.2_76.1,26.246507,76.07243
26.2_76.2,26.179323,76.178881
26.2_76.3,26.220153,76.28914200000001
26.2_76.4,26.2148025,76.385827
26.2_76.5,26.194612000000003,76.49165366666666
26.2_76.6,26.234625,76.57749675
26.2_76.9,26.186191,76.942767
26.2_77.0,26.235251,76.977502
26.2_77.2,26.193900499999998,77.175444
26.2_77.3,26.198627000000002,77.297
26.2_77.4,26.2404465,77.423175
26.2_77.5,26.183573,77.51404775
26.2_77.6,26.190872,77.60574
26.2_77.7,26.1787892,77.70389159999999
26.2_77.8,26.160113,77.789761
26.2_78.0,26.190973666666668,77.99733633333334
26.2_78.1,26.187792,78.140378
26.2_78.2,26.226041,78.223518
26.2_78.4,26.207999,78.390067
26.2_78.5,26.181216,78.468893
26.2_78.7,26.235779,78.681223
26.2_85.8,26.151966,85.804808
26.2_87.1,26.238134,87.096496
26.2_87.3,26.178783,87.25875
26.2_87.8,26.172221,87.76091
26.2_88.3,26.217574,88.3070655
26.2_88.4,26.191933,88.357595
26.2_88.5,26.189007,88.495955
26.2_88.9,26.160985,88.850206
26.3_75.4,26.303520499999998,75.409667
26.3_75.5,26.258725,75.485519
26.3_75.6,26.309116500000002,75.599345
26.3_75.7,26.303661333333334,75.69863533333333
26.3_75.9,26.269516,75.895025
26.3_76.0,26.3080365,76.03105099999999
26.3_76.1,26.278197,76.067339
26.3_76.2,26.271017666666665,76.209196
26.3_76.3,26.264613,76.290131
26.3_76.5,26.31483,76.51990766666667
26.3_76.6,26.342731,76.595426
26.3_76.7,26.322917333333333,76.70479833333333
26.3_76.9,26.291969,76.852496
26.3_77.0,26.280788,77.00269733333333
26.3_77.1,26.310698000000002,77.0718895
26.3_77.2,26.282458,77.235731
26.3_77.4,26.28921775,77.4120375
26.3_77.5,26.28415625,77.50277425
26.3_77.6,26.2675165,77.587771
26.3_78.1,26.349967,78.069346
26.3_78.2,26.326366999999998,78.24210149999999
26.3_78.3,26.300017,78.262898
26.3_78.4,26.305764,78.372141
26.3_78.5,26.319343,78.491485
26.3_78.7,26.3178785,78.663512
26.3_78.8,26.2704,78.84674
26.3_87.2,26.292397,87.245929
26.3_87.9,26.260384,87.853627
26.3_88.1,26.307850000000002,88.124235
26.3_88.6,26.281257,88.572721
26.4_75.3,26.391286,75.323527
26.4_75.5,26.406684,75.509087
26.4_75.6,26.424578,75.569491
26.4_75.7,26.3971435,75.7096375
26.4_75.8,26.4057925,75.79809399999999
26.4_76.1,26.3938225,76.09887549999999
26.4_76.3,26.397508,76.315694
26.4_76.4,26.401034,76.369279
26.4_76.5,26.3532865,76.505052
26.4_76.6,26.38735,76.561734
26.4_76.7,26.386235,76.676926
26.4_76.9,26.414639,76.92359
26.4_77.0,26.420182,77.00067250000001
26.4_77.1,26.386942,77.052325
26.4_77.2,26.407649666666668,77.17388033333333
26.4_77.3,26.437914499999998,77.2721335
26.4_77.4,26.416726,77.421583
26.4_77.7,26.39220475,77.68159425
26.4_77.9,26.431315,77.902808
26.4_78.0,26.375397,78.047795
26.4_78.1,26.403446,78.123552
26.4_78.2,26.44234,78.191476
26.4_78.7,26.362606,78.677538
26.4_79.0,26.382311,78.989644
26.4_79.2,26.431457,79.200276
26.4_85.4,26.378543,85.447953
26.4_85.9,26.356538,85.939905
26.4_86.3,26.353783,86.254802
26.4_86.9,26.361196,86.864424
26.4_87.1,26.427703,87.087795
26.4_87.3,26.415726,87.300411
26.4_87.5,26.365353,87.520587
26.4_87.6,26.401106,87.623909
26.4_87.9,26.392428,87.891477
26.4_88.1,26.419807,88.081339
26.5_75.2,26.508033,75.18475933333333
26.5_75.4,26.547127,75.36191
26.5_75.5,26.512823666666666,75.47249633333332
26.5_75.6,26.548083,75.600524
26.5_75.7,26.498963,75.660719
26.5_75.9,26.462512,75.939129
26.5_76.1,26.472965333333335,76.07961266666666
26.5_76.2,26.495971,76.1945785
26.5_76.5,26.479716,76.515036
26.5_76.6,26.492722999999998,76.6080355
26.5_76.7,26.478098,76.651399
26.5_76.8,26.491624333333334,76.80100266666666
26.5_77.0,26.487498,76.954778
26.5_77.1,26.504053,77.140422
26.5_77.3,26.498653666666666,77.273167
26.5_77.4,26.5203045,77.3685055
26.5_77.5,26.515178,77.485716
26.5_77.6,26.495459,77.570666
26.5_77.7,26.537575,77.680962
26.5_77.8,26.495171999999997,77.793405
26.5_77.9,26.492206,77.8947795
26.5_78.0,26.503095000000002,78.006989
26.5_78.3,26.4874065,78.28978900000001
26.5_78.5,26.48251525,78.48473375
26.5_78.7,26.453196,78.670402
26.5_79.2,26.541698,79.158565
26.5_79.4,26.471582,79.353519
26.5_85.7,26.505331,85.723371
26.5_85.9,26.479438,85.942359
26.5_86.0,26.519184,86.00212
26.5_86.6,26.544583,86.635938
26.5_86.7,26.5168665,86.68823850000001
26.5_87.1,26.45085,87.063729
26.5_87.2,26.523995,87.163678
26.5_87.4,26.53451,87.426949
26.5_87.6,26.52699,87.558982
26.5_87.7,26.509765,87.743009
26.5_87.8,26.547852,87.772939
26.5_88.0,26.47594666666667,88.00867933333332
26.5_88.1,26.48179,88.125139
26.5_88.4,26.472404,88.419099
26.6_75.2,26.605948,75.220873
26.6_75.3,26.61402,75.321504
26.6_75.5,26.638469,75.468244
26.6_75.6,26.553344,75.584828
26.6_75.7,26.63289,75.698126
26.6_75.9,26.617823,75.88413650000001
26.6_76.0,26.596333,76.01275050000001
26.6_76.1,26.554252,76.089043
26.6_76.2,26.644037,76.237784
26.6_76.3,26.564718,76.304963
26.6_76.4,26.614456,76.43676
26.6_76.5,26.605020666666665,76.51380166666667
26.6_76.6,26.6285625,76.595877
26.6_76.7,26.602141,76.704523
26.6_76.8,26.604133,76.845106
26.6_77.0,26.576711,76.994226
26.6_77.1,26.604152,77.118625
26.6_77.3,26.581434,77.28454
26.6_77.4,26.636549,77.431439
26.6_77.5,26.568987,77.494309
26.6_77.6,26.622286,77.58344
26.6_77.9,26.5652155,77.8763955
26.6_78.1,26.6020235,78.0905195
26.6_78.2,26.60512,78.206208
26.6_78.3,26.5936135,78.28407899999999
26.6_78.4,26.583678,78.415817
26.6_78.7,26.599966,78.664974
26.6_78.8,26.592553,78.781575
26.6_78.9,26.601719,78.875834
26.6_79.0,26.647165,79.016725
26.6_79.4,26.565341,79.432716
26.6_86.3,26.621054,86.335639
26.6_86.5,26.5705015,86.54192499999999
26.6_87.2,26.639874,87.24863
26.6_87.4,26.565826,87.414527
26.6_87.6,26.582952,87.589243
26.6_87.8,26.62917,87.751256
26.7_74.7,26.67012,74.726718
26.7_75.0,26.709951,75.011282
26.7_75.1,26.706769,75.10663149999999
26.7_75.2,26.715358,75.200023
26.7_75.3,26.660908,75.334961
26.7_75.4,26.704108,75.407286
26.7_75.5,26.693472333333332,75.50105033333334
26.7_75.6,26.725533,75.629106
26.7_75.7,26.741352,75.734582
26.7_75.8,26.650305,75.813303
26.7_75.9,26.67954366666667,75.87572466666667
26.7_76.1,26.69313475,76.09737425
26.7_76.5,26.704039,76.52311449999999
26.7_76.6,26.688967,76.561903
26.7_76.7,26.739302,76.737809
26.7_76.8,26.677394666666668,76.794285
26.7_76.9,26.6994445,76.928613
26.7_77.0,26.706801,77.00595866666667
26.7_77.1,26.68508783333333,77.08902366666666
26.7_77.2,26.689397,77.1908545
26.7_77.3,26.747695,77.31622250000001
26.7_77.4,26.686778,77.424317
26.7_77.6,26.710389,77.596837
26.7_77.7,26.704081,77.736897
26.7_77.8,26.700207,77.815922
26.7_77.9,26.684119000000003,77.90597375
26.7_78.0,26.688441,78.01465833333333
26.7_78.1,26.73405075,78.085455
26.7_78.3,26.744591,78.26405
26.7_78.5,26.687505,78.458291
26.7_78.7,26.737735,78.665003
26.7_78.9,26.656328,78.912668
26.7_79.0,26.7077015,78.9923805
26.7_79.3,26.708427,79.30188150000001
26.7_86.8,26.701674,86.804917
26.7_86.9,26.72523,86.921834
26.7_87.4,26.723708,87.430179
26.7_87.5,26.6604515,87.479845
26.7_87.7,26.657128,87.707532
26.8_74.7,26.812440000000002,74.676732
26.8_75.1,26.839601,75.148901
26.8_75.2,26.800765,75.192778
26.8_75.4,26.819333,75.4068695
26.8_75.5,26.7803115,75.495826
26.8_75.6,26.787081,75.624591
26.8_75.7,26.822848,75.683221
26.8_75.8,26.774376,75.802131
26.8_75.9,26.82668,75.89864225
26.8_76.1,26.8273245,76.057345
26.8_76.2,26.763823,76.240674
26.8_76.3,26.798356666666667,76.305357
26.8_76.4,26.795892999999996,76.39775866666666
26.8_76.5,26.771369333333336,76.48457
26.8_76.6,26.838048,76.647856
26.8_76.7,26.807685,76.695588
26.8_76.8,26.782006,76.805727
26.8_76.9,26.7551525,76.8830915
26.8_77.0,26.7785595,76.9877295
26.8_77.1,26.799946,77.11535799999999
26.8_77.2,26.823553,77.2244255
26.8_77.3,26.796506285714283,77.321171
26.8_77.4,26.8008645,77.3970755
26.8_77.5,26.814548,77.535015
26.8_77.6,26.823387999999998,77.59255966666667
26.8_77.7,26.7981285,77.6988925
26.8_77.8,26.832451,77.818635
26.8_77.9,26.800436666666666,77.89708366666667
26.8_78.1,26.8145745,78.0907325
26.8_78.2,26.762229,78.222524
26.8_78.4,26.758374,78.353972
26.8_78.6,26.767668,78.627299
26.8_78.7,26.840793,78.71069
26.8_78.9,26.8235335,78.90047799999999
26.8_79.0,26.814218,79.018757
26.8_79.3,26.785866,79.265787
26.8_86.6,26.810875,86.6244105
26.8_86.8,26.779244,86.843347
26.8_87.0,26.754807,87.030279
26.9_74.6,26.906516,74.605605
26.9_74.7,26.917458,74.712616
26.9_74.8,26.9297615,74.804291
26.9_74.9,26.877012,74.871537
26.9_75.1,26.871895,75.13415
26.9_75.2,26.883911666666666,75.218909
26.9_75.3,26.900009999999998,75.271054
26.9_75.4,26.918176666666668,75.38322366666667
26.9_75.5,26.877305,75.51679
26.9_75.6,26.908449,75.56927866666666
26.9_75.7,26.873508,75.712233
26.9_75.8,26.901006000000002,75.7869245
26.9_75.9,26.888162,75.92001149999999
26.9_76.0,26.9174835,75.979831
26.9_76.1,26.872014999999998,76.1047035
26.9_76.2,26.899773999999997,76.22437733333334
26.9_76.3,26.8988385,76.300134
26.9_76.4,26.9192715,76.40931599999999
26.9_76.5,26.9187272,76.5269188
26.9_76.6,26.8975116,76.6021258
26.9_76.7,26.884296,76.7197725
26.9_76.8,26.893771,76.805046
26.9_76.9,26.880951,76.91042766666666
26.9_77.0,26.924088333333334,76.977313
26.9_77.1,26.921956666666663,77.06719199999999
26.9_77.2,26.895191333333333,77.21829699999999
26.9_77.3,26.861911666666668,77.31420200000001
26.9_77.4,26.909057333333333,77.40081099999999
26.9_77.5,26.919938333333334,77.465278
26.9_77.6,26.890951,77.608625
26.9_77.7,26.885229000000002,77.708771
26.9_77.8,26.893496,77.777892
26.9_77.9,26.89704957142857,77.89148485714284
26.9_78.1,26.88296133333333,78.13150666666667
26.9_78.3,26.881299,78.275612
26.9_78.4,26.904794199999998,78.385764
26.9_78.5,26.861990499999997,78.4956535
26.9_78.6,26.915869666666666,78.59750100000001
26.9_78.7,26.897946,78.6831825
26.9_78.8,26.9062395,78.80201925
26.9_78.9,26.946172,78.866497
26.9_79.1,26.9120335,79.1265535
26.9_79.2,26.897182,79.183147
26.9_79.3,26.918986,79.254411
26.9_79.4,26.894118,79.380445
26.9_79.6,26.908758,79.566619
27.0_74.8,26.982813,74.785903
27.0_74.9,27.004413999999997,74.91269199999999
27.0_75.2,27.016993499999998,75.21071950000001
27.0_75.3,27.011558,75.349216
27.0_75.4,27.0191905,75.3592005
27.0_75.5,26.990929,75.547074
27.0_75.6,26.99095025,75.61337675
27.0_75.8,27.008157500000003,75.78932900000001
27.0_75.9,27.006573666666668,75.93511666666667
27.0_76.0,27.0286665,75.984268
27.0_76.2,26.963694,76.22576
27.0_76.3,27.017566,76.31976333333334
27.0_76.5,26.9618845,76.481994
27.0_76.6,26.99277325,76.59636425
27.0_76.7,27.0017275,76.6664
27.0_76.9,27.001326,76.915036125
27.0_77.0,27.028042499999998,77.0061415
27.0_77.1,26.9919488,77.08204
27.0_77.2,27.043346,77.215901
27.0_77.3,27.00042,77.283404
27.0_77.4,27.026068,77.371136
27.0_77.5,27.029983,77.48302133333333
27.0_77.6,26.9996055,77.594906125
27.0_77.7,27.0029694,77.6900916
27.0_77.8,26.9896915,77.7952965
27.0_77.9,26.96128,77.923972
27.0_78.0,26.991782999999998,77.9827785
27.0_78.1,27.00427433333333,78.10161833333333
27.0_78.2,26.996357500000002,78.2162405
27.0_78.3,27.045061,78.289793
27.0_78.4,26.979392,78.407623
27.0_78.5,27.027277666666667,78.45333000000001
27.0_78.6,27.009591999999998,78.5999185
27.0_78.7,27.037004500000002,78.678174
27.0_78.8,27.02102,78.843964
27.0_78.9,27.002308999999997,78.94589
27.0_79.0,26.998419,79.002061
27.0_79.1,27.035787,79.144529
27.0_79.2,27.0198355,79.2007265
27.0_79.3,26.993315000000003,79.2989285
27.0_79.4,27.013531999999998,79.3945965
27.0_79.5,26.992614,79.459204
27.0_79.6,26.995063,79.56186
27.1_74.9,27.1001885,74.8914625
27.1_75.2,27.068711,75.182676
27.1_75.3,27.107121999999997,75.266305
27.1_75.7,27.142156,75.728976
27.1_75.8,27.1106045,75.825654
27.1_76.0,27.0952815,76.042498
27.1_76.1,27.125532999999997,76.0709405
27.1_76.2,27.060956,76.246309
27.1_76.3,27.145166,76.274599
27.1_76.5,27.10271775,76.52366
27.1_76.6,27.113806999999998,76.594883
27.1_76.7,27.09560075,76.70922350000001
27.1_76.8,27.084712999999997,76.78369199999999
27.1_76.9,27.0710965,76.9030615
27.1_77.0,27.132498,76.97854425
27.1_77.1,27.11262185714286,77.09287242857143
27.1_77.2,27.093378666666666,77.21578566666666
27.1_77.3,27.092342666666667,77.31748811111112
27.1_77.4,27.08255757142857,77.40073957142856
27.1_77.6,27.073019199999997,77.611817
27.1_77.7,27.101979,77.733833
27.1_77.8,27.122180333333333,77.808034
27.1_77.9,27.104721,77.910822
27.1_78.0,27.148901,78.048367
27.1_78.1,27.11479025,78.09439775
27.1_78.2,27.135458,78.156527
27.1_78.3,27.088646500000003,78.3110375
27.1_78.4,27.10398533333333,78.39499333333333
27.1_78.5,27.103556,78.473465
27.1_78.6,27.087547999999998,78.5946075
27.1_78.7,27.100512,78.72166375
27.1_78.8,27.1042575,78.810502
27.1_78.9,27.091179,78.91826
27.1_79.2,27.125188,79.243229
27.1_79.3,27.068567,79.334793
27.1_79.4,27.103838,79.4014105
27.1_79.5,27.122685,79.501006
27.1_79.6,27.131074,79.552105
27.2_74.3,27.222614,74.323612
27.2_74.4,27.183856,74.443415
27.2_74.6,27.188592,74.56217
27.2_74.7,27.2035755,74.677103
27.2_74.8,27.243686,74.812966
27.2_74.9,27.189500000000002,74.8833515
27.2_75.0,27.187945499999998,75.01939
27.2_75.1,27.189746,75.06696566666666
27.2_75.3,27.213257,75.311
27.2_75.4,27.175338,75.375649
27.2_75.5,27.209116833333336,75.50252683333333
27.2_75.7,27.1966395,75.66582600000001
27.2_75.8,27.1628555,75.80037325
27.2_75.9,27.213212,75.892834
27.2_76.0,27.207167,76.019292
27.2_76.1,27.195733,76.102631
27.2_76.2,27.234575,76.23867
27.2_76.3,27.191820285714282,76.30251299999999
27.2_76.4,27.204336,76.392099
27.2_76.5,27.223444999999998,76.51150200000001
27.2_76.6,27.1900415,76.5945055
27.2_76.7,27.163869,76.71491499999999
27.2_76.8,27.151891,76.768124
27.2_76.9,27.201779666666667,76.873927
27.2_77.0,27.200888333333335,76.99365866666666
27.2_77.1,27.187031,77.10189775
27.2_77.2,27.197059999999997,77.19955383333333
27.2_77.3,27.1921515,77.269639
27.2_77.4,27.217623833333334,77.39662633333334
27.2_77.5,27.211496999999998,77.49240400000001
27.2_77.6,27.197914750000002,77.60579075
27.2_77.7,27.181805666666666,77.707588
27.2_77.8,27.202859,77.79404566666666
27.2_77.9,27.218846857142857,77.90369728571429
27.2_78.1,27.175626,78.092038
27.2_78.3,27.163517499999998,78.28368900000001
27.2_78.4,27.197697,78.39926299999999
27.2_78.5,27.22449,78.452037
27.2_78.6,27.221522999999998,78.595367
27.2_78.7,27.200604249999998,78.707788
27.2_78.8,27.246027,78.8391105
27.2_78.9,27.1775385,78.9040765
27.2_79.0,27.209607666666667,79.00248733333333
27.2_79.1,27.2072355,79.1140075
27.2_79.2,27.247614,79.189351
27.2_79.4,27.220916000000003,79.4067365
27.2_79.5,27.240099,79.5419
27.2_79.9,27.154717,79.913656
27.2_80.1,27.173439,80.077456
27.3_74.3,27.297381,74.342402
27.3_74.5,27.259854,74.525924
27.3_74.7,27.302533,74.7106505
27.3_75.0,27.3062395,74.98045475
27.3_75.1,27.312433499999997,75.097441
27.3_75.3,27.321149,75.27834
27.3_75.4,27.301733,75.387559
27.3_75.5,27.258956,75.53442
27.3_75.6,27.312324,75.579351
27.3_75.7,27.3088745,75.703982
27.3_75.8,27.255056,75.80523
27.3_75.9,27.26945,75.9270175
27.3_76.1,27.289995666666666,76.112813
27.3_76.2,27.3052502,76.1966468
27.3_76.3,27.293056,76.31027259999999
27.3_76.4,27.30229475,76.3841685
27.3_76.5,27.302351,76.51363599999999
27.3_76.6,27.3220615,76.60000174999999
27.3_76.7,27.298992333333334,76.717134
27.3_76.8,27.28653,76.796804
27.3_76.9,27.29871316666667,76.910644
27.3_77.0,27.2860748,77.0113968
27.3_77.1,27.29125525,77.102127
27.3_77.2,27.298335333333334,77.20579733333334
27.3_77.3,27.294023,77.2897682
27.3_77.4,27.3162284,77.3988604
27.3_77.5,27.27696,77.500381
27.3_77.6,27.3023455,77.62480099999999
27.3_77.7,27.314934,77.69904225
27.3_77.8,27.299158,77.829534
27.3_77.9,27.307534500000003,77.902791
27.3_78.0,27.2766335,77.99519649999999
27.3_78.1,27.319331,78.113173
27.3_78.2,27.253971,78.193359
27.3_78.3,27.2851175,78.323892
27.3_78.4,27.289005,78.44617199999999
27.3_78.5,27.325943,78.488151
27.3_78.6,27.250675,78.611306
27.3_78.7,27.2839185,78.7136405
27.3_78.8,27.336993,78.838275
27.3_78.9,27.292375,78.90437399999999
27.3_79.0,27.27527,78.970083
27.3_79.1,27.277948,79.09638
27.3_79.3,27.269162,79.337149
27.3_79.6,27.318826,79.617917
27.3_79.8,27.314273,79.774258
27.4_74.4,27.4402,74.401659
27.4_74.5,27.430709999999998,74.4899325
27.4_74.7,27.377418,74.742588
27.4_74.9,27.388591,74.933144
27.4_75.0,27.400621,74.997815
27.4_75.1,27.423443,75.106752
27.4_75.2,27.390055750000002,75.207407
27.4_75.3,27.408941,75.335037
27.4_75.4,27.375323,75.43775500000001
27.4_75.5,27.385351999999997,75.52971566666666
27.4_75.6,27.435119333333333,75.59753733333334
27.4_75.7,27.406610999999998,75.69179940000001
27.4_75.8,27.414658333333335,75.83837866666666
27.4_75.9,27.37817533333333,75.88422333333334
27.4_76.0,27.42311057142857,76.00556414285714
27.4_76.1,27.42853666666667,76.108944
27.4_76.2,27.427798,76.150499
27.4_76.3,27.41160525,76.300876
27.4_76.4,27.41805475,76.4121115
27.4_76.5,27.417902400000003,76.48697200000001
27.4_76.6,27.420678499999998,76.57591233333333
27.4_76.7,27.395211625,76.710940625
27.4_76.8,27.382946,76.783623
27.4_76.9,27.411476125,76.900641875
27.4_77.0,27.410039714285716,77.00364628571428
27.4_77.1,27.39805775,77.122726
27.4_77.2,27.40166214285714,77.20727757142858
27.4_77.3,27.408120000000004,77.3138682
27.4_77.4,27.418494666666664,77.421386
27.4_77.5,27.407445636363637,77.50123027272728
27.4_77.6,27.408538800000002,77.594545
27.4_77.7,27.3910535,77.710467875
27.4_77.8,27.39716866666667,77.77961183333333
27.4_77.9,27.420861666666667,77.92440466666666
27.4_78.0,27.408761199999997,78.0312788
27.4_78.1,27.400039000000003,78.113838
27.4_78.2,27.39809166666667,78.19811366666666
27.4_78.3,27.40100375,78.28848775
27.4_78.4,27.40468275,78.41793275
27.4_78.5,27.395905166666665,78.5093095
27.4_78.6,27.418809333333332,78.59361966666667
27.4_78.7,27.390858,78.7200555
27.4_78.9,27.414559,78.882961
27.4_79.0,27.422093,78.984419
27.4_79.2,27.360326,79.187147
27.4_79.3,27.447606,79.268462
27.4_79.4,27.394908,79.398937
27.4_79.5,27.40162,79.538131
27.4_79.7,27.406157,79.653872
27.4_79.8,27.403032,79.798688
27.4_79.9,27.377416,79.879677
27.4_80.3,27.405395,80.301845
27.5_74.4,27.465577500000002,74.441127
27.5_74.5,27.470139500000002,74.529897
27.5_74.6,27.494615,74.59069000000001
27.5_75.1,27.514294333333336,75.10729300000001
27.5_75.2,27.510184199999998,75.1804592
27.5_75.3,27.492155666666665,75.30956099999999
27.5_75.4,27.524077,75.401346
27.5_75.5,27.508422666666664,75.491578
27.5_75.6,27.549743,75.568921
27.5_75.7,27.508461,75.68940766666667
27.5_75.8,27.52214,75.835133
27.5_75.9,27.505458,75.941122
27.5_76.0,27.4867235,75.992193
27.5_76.1,27.499352000000002,76.103236
27.5_76.2,27.497354166666668,76.19030366666667
27.5_76.3,27.483686,76.28440925
27.5_76.4,27.521165125,76.379340625
27.5_76.5,27.507797900000003,76.4959206
27.5_76.6,27.503863777777777,76.609043
27.5_76.7,27.4932195,76.67932775
27.5_76.8,27.496371625,76.815472125
27.5_76.9,27.505814,76.93349475
27.5_77.0,27.505705625,76.989876375
27.5_77.1,27.49039942857143,77.09467942857142
27.5_77.2,27.51327,77.21964225
27.5_77.3,27.520552166666665,77.30875533333334
27.5_77.4,27.49720914285714,77.394317
27.5_77.5,27.519845857142858,77.50948985714285
27.5_77.6,27.499667249999998,77.61589325
27.5_77.7,27.484542,77.71972416666667
27.5_77.8,27.507156444444448,77.79755722222222
27.5_77.9,27.497102428571427,77.88866828571429
27.5_78.0,27.473362,77.9833285
27.5_78.1,27.505889500000002,78.10089359999999
27.5_78.2,27.4865742,78.1974022
27.5_78.3,27.516086666666666,78.30677633333333
27.5_78.4,27.49919225,78.37735475
27.5_78.5,27.515268000000003,78.488348
27.5_78.6,27.465502666666666,78.57416033333334
27.5_78.7,27.497394,78.71016275
27.5_78.8,27.519121333333334,78.80357433333333
27.5_78.9,27.534283,78.88015
27.5_79.0,27.476048,78.98269
27.5_79.1,27.49834875,79.110388
27.5_79.3,27.505314249999998,79.31816225
27.5_79.6,27.490698,79.55722
27.5_79.7,27.499848,79.652359
27.5_79.8,27.450213,79.81256
27.5_80.0,27.481126,80.032593
27.6_74.1,27.598219,74.112835
27.6_74.3,27.597294,74.258024
27.6_74.4,27.615201,74.413984
27.6_74.5,27.601117,74.452342
27.6_74.6,27.618235,74.589473
27.6_74.8,27.612603,74.808289
27.6_74.9,27.621547,74.9029875
27.6_75.0,27.624213,75.027599
27.6_75.1,27.644039,75.086133
27.6_75.2,27.588072,75.21991425
27.6_75.5,27.643148,75.456365
27.6_75.6,27.616072,75.6046495
27.6_75.7,27.63127233333333,75.69403033333333
27.6_75.8,27.598104499999998,75.80452149999999
27.6_75.9,27.603722,75.90837433333333
27.6_76.0,27.575883,76.043627
27.6_76.1,27.607001166666667,76.11842583333333
27.6_76.2,27.5932325,76.20129374999999
27.6_76.3,27.59861622222222,76.29295488888889
27.6_76.4,27.602292333333335,76.40479966666666
27.6_76.5,27.599298285714287,76.50549171428572
27.6_76.6,27.595763375,76.59276375
27.6_76.7,27.601510615384615,76.71042115384616
27.6_76.8,27.5895775,76.794282625
27.6_76.9,27.5964094,76.89161
27.6_77.0,27.599317888888887,77.00553611111111
27.6_77.1,27.598923,77.093104625
27.6_77.2,27.591666583333335,77.20345266666666
27.6_77.3,27.59061125,77.306715
27.6_77.4,27.6006888,77.3907446
27.6_77.5,27.606478125000002,77.49093625
27.6_77.6,27.600728363636367,77.60171363636363
27.6_77.7,27.596723571428573,77.68428342857143
27.6_77.8,27.6195335,77.80794083333333
27.6_77.9,27.5906116,77.89616140000001
27.6_78.0,27.619822166666665,78.00694516666667
27.6_78.1,27.6038496,78.133712
27.6_78.2,27.584750200000002,78.2118236
27.6_78.3,27.575915,78.273356
27.6_78.4,27.617391199999997,78.4017
27.6_78.5,27.644852,78.50808
27.6_78.6,27.620982,78.61093
27.6_78.7,27.569357666666665,78.71011433333332
27.6_78.8,27.61516925,78.78632625
27.6_79.0,27.5822615,78.9879295
27.6_79.1,27.63213,79.050071
27.6_79.2,27.570313,79.181362
27.6_79.3,27.59553,79.324635
27.6_79.7,27.552255,79.693278
27.6_79.9,27.6028,79.9037115
27.7_73.9,27.660166,73.925764
27.7_74.2,27.731744,74.22767
27.7_74.3,27.721359,74.34487
27.7_74.7,27.663665,74.748173
27.7_74.8,27.683548,74.840828
27.7_74.9,27.681914499999998,74.909029
27.7_75.0,27.719784,74.985718
27.7_75.1,27.692115,75.0990415
27.7_75.2,27.7279485,75.210841
27.7_75.4,27.706545333333334,75.42746333333334
27.7_75.5,27.6898136,75.506103
27.7_75.6,27.673149666666664,75.58348566666668
27.7_75.7,27.695440666666666,75.7205355
27.7_75.8,27.697495,75.781813
27.7_75.9,27.70794175,75.9235845
27.7_76.0,27.70090077777778,76.00106533333333
27.7_76.1,27.690898,76.11415933333335
27.7_76.2,27.680816857142855,76.20974471428572
27.7_76.3,27.6908612,76.3079487
27.7_76.4,27.69674075,76.4158835
27.7_76.5,27.703866,76.50158381818181
27.7_76.6,27.702137733333334,76.60656933333333
27.7_76.7,27.713461000000002,76.7051212
27.7_76.8,27.69410285714286,76.79681057142857
27.7_76.9,27.69813475,76.894394375
27.7_77.0,27.714037,76.99573216666667
27.7_77.1,27.704998894736843,77.1043347368421
27.7_77.2,27.694892736842103,77.2059377368421
27.7_77.3,27.71180877777778,77.29361444444444
27.7_77.4,27.691952166666667,77.40543041666666
27.7_77.5,27.70315682352941,77.49367964705883
27.7_77.6,27.708803666666668,77.6022145
27.7_77.7,27.694036999999998,77.69789033333333
27.7_77.8,27.703659083333335,77.81192358333334
27.7_77.9,27.711368333333333,77.89576244444444
27.7_78.0,27.7065334,78.0233384
27.7_78.1,27.712664750000002,78.0968635
27.7_78.2,27.6924048,78.17498520000001
27.7_78.3,27.716902750000003,78.277485
27.7_78.4,27.683336,78.40899425
27.7_78.5,27.684931333333335,78.53715133333333
27.7_78.6,27.708133,78.642118
27.7_78.7,27.698727,78.70566866666667
27.7_78.8,27.7122185,78.785844
27.7_78.9,27.670531,78.874554
27.7_79.0,27.719663,78.969684
27.7_79.3,27.7256335,79.30306049999999
27.7_79.6,27.714282,79.581233
27.7_79.7,27.741135,79.661459
27.7_79.8,27.68649,79.796716
27.8_74.0,27.805069,74.043053
27.8_74.3,27.787546,74.3114845
27.8_74.4,27.7617945,74.40843699999999
27.8_74.5,27.790193,74.46581
27.8_74.6,27.762704,74.604533
27.8_74.8,27.803332,74.846667
27.8_74.9,27.7845695,74.921055
27.8_75.1,27.81393575,75.08546175
27.8_75.2,27.800931000000002,75.19706633333334
27.8_75.4,27.80952625,75.40504525
27.8_75.5,27.812106999999997,75.53027666666667
27.8_75.6,27.7705795,75.58255299999999
27.8_75.7,27.787035,75.749749
27.8_75.8,27.813667,75.808964875
27.8_75.9,27.761281,75.89854725000001
27.8_76.0,27.826965666666666,75.99667733333334
27.8_76.1,27.800008,76.10723242857144
27.8_76.2,27.78162811111111,76.20138633333333
27.8_76.3,27.800853,76.30507061538461
27.8_76.4,27.806978636363635,76.38922181818181
27.8_76.5,27.808113727272726,76.50274622727272
27.8_76.6,27.792288647058825,76.60795388235294
27.8_76.7,27.784601416666664,76.694954
27.8_76.8,27.8097136,76.793975
27.8_76.9,27.81558604545455,76.89440927272727
27.8_77.0,27.79648908,77.01550964
27.8_77.1,27.79892141935484,77.10246103225806
27.8_77.2,27.79528977777778,77.20143085185185
27.8_77.3,27.8049559,77.2992239
27.8_77.4,27.79531725,77.40366974999999
27.8_77.5,27.7892664375,77.50240475
27.8_77.6,27.80683107692308,77.59762111538461
27.8_77.7,27.803495199999997,77.7039949
27.8_77.8,27.811442399999997,77.80015526666666
27.8_77.9,27.781754333333335,77.87982266666667
27.8_78.0,27.804739285714284,77.98091457142857
27.8_78.1,27.8210336,78.0876518
27.8_78.2,27.798671999999996,78.20547344444444
27.8_78.3,27.822432142857142,78.29858728571428
27.8_78.4,27.807181666666665,78.38871366666666
27.8_78.5,27.77998,78.511265
27.8_78.6,27.8235555,78.60094125
27.8_78.7,27.814546,78.688907
27.8_78.8,27.797697333333332,78.81112366666666
27.8_78.9,27.752425000000002,78.8745645
27.8_79.0,27.818711,79.0383585
27.8_79.1,27.802729999999997,79.06935266666666
27.8_79.4,27.79694,79.4300695
27.8_79.5,27.760298,79.509384
27.8_79.7,27.805041,79.713876
27.8_80.2,27.828833,80.221492
27.9_74.3,27.892130666666663,74.30068366666667
27.9_74.4,27.9122045,74.378217
27.9_74.5,27.890431,74.5001635
27.9_74.7,27.89808,74.724111
27.9_74.8,27.859785,74.809123
27.9_75.0,27.915826999999997,74.99241333333333
27.9_75.1,27.913483666666668,75.06574266666667
27.9_75.2,27.928610499999998,75.18504949999999
27.9_75.3,27.908321,75.291411
27.9_75.4,27.894983666666665,75.40315166666666
27.9_75.6,27.933368,75.6031565
27.9_75.7,27.8887155,75.684416
27.9_75.8,27.912728666666666,75.79601522222222
27.9_75.9,27.90648809090909,75.9085420909091
27.9_76.0,27.89832666666667,75.98415188888889
27.9_76.1,27.904848285714284,76.10746385714286
27.9_76.2,27.89578858333333,76.2190005
27.9_76.3,27.8937958,76.3015954
27.9_76.4,27.917435214285714,76.41793535714285
27.9_76.5,27.899975684210528,76.51040363157894
27.9_76.6,27.901404260869565,76.60484113043478
27.9_76.7,27.91353176470588,76.69853494117648
27.9_76.8,27.915071360000002,76.8088424
27.9_76.9,27.912044923076923,76.89574184615384
27.9_77.0,27.910462,76.99875625
27.9_77.1,27.905630153846154,77.1023258846154
27.9_77.2,27.91287155172414,77.19828279310344
27.9_77.3,27.902177,77.31146766666667
27.9_77.4,27.908601222222224,77.39128703703703
27.9_77.5,27.90345009090909,77.50086990909091
27.9_77.6,27.898887684210525,77.59588989473684
27.9_77.7,27.913804642857144,77.69166796428571
27.9_77.8,27.900194900000002,77.79750609999999
27.9_77.9,27.9016385,77.90267027777777
27.9_78.0,27.900910999999997,77.99447408333333
27.9_78.1,27.9195685,78.0703195
27.9_78.2,27.882194833333333,78.1956405
27.9_78.3,27.900835615384615,78.29984269230769
27.9_78.4,27.906230125,78.404709375
27.9_78.5,27.920697,78.4876142
27.9_78.6,27.907514,78.621485
27.9_78.7,27.905418333333333,78.667466
27.9_78.9,27.921232,78.8962095
27.9_79.0,27.9127645,78.992009
27.9_79.2,27.924817,79.1706665
27.9_79.3,27.903442499999997,79.310626
27.9_79.4,27.882506499999998,79.40302249999999
27.9_79.5,27.914092666666665,79.51419633333335
27.9_79.6,27.852218,79.62353
27.9_79.8,27.866947,79.811369
27.9_80.1,27.862198,80.085136
28.0_74.2,28.030235,74.24289
28.0_74.3,28.003471,74.278468
28.0_74.4,27.990013,74.40018
28.0_74.5,28.002813,74.506264
28.0_74.7,28.011096,74.702917
28.0_74.8,28.010056,74.7864205
28.0_74.9,28.0184905,74.904185
28.0_75.0,28.038768,74.990908
28.0_75.1,28.014571333333333,75.107308
28.0_75.2,28.006709,75.240492
28.0_75.3,27.98926933333333,75.299751
28.0_75.5,28.000877,75.510969
28.0_75.6,28.007975333333334,75.577004
28.0_75.7,28.005532666666667,75.71652433333334
28.0_75.8,27.992912999999998,75.7817228
28.0_75.9,27.98808275,75.90308675
28.0_76.0,28.00462333333333,76.0041595
28.0_76.1,27.99605285714286,76.09091757142856
28.0_76.2,28.006995999999997,76.1909952
28.0_76.3,27.989662071428572,76.296984
28.0_76.4,28.0002354,76.40212392
28.0_76.5,27.98811107142857,76.50362425
28.0_76.6,28.009723,76.5973615862069
28.0_76.7,28.00764666666667,76.702902375
28.0_76.8,28.006934615384615,76.79211973076923
28.0_76.9,28.00458920754717,76.89762820754717
28.0_77.0,28.000185434782612,77.00218041304348
28.0_77.1,28.01003434,77.10468288
28.0_77.2,27.999787930232557,77.20366327906977
28.0_77.3,28.009499999999996,77.30557716666667
28.0_77.4,28.009504916666668,77.40136429166667
28.0_77.5,28.000168903225806,77.50753216129033
28.0_77.6,28.000408280000002,77.60061596
28.0_77.7,27.99667088888889,77.69409514814815
28.0_77.8,28.00065777272727,77.79914563636363
28.0_77.9,27.992909578947366,77.89843357894738
28.0_78.0,28.006632052631577,78.00620363157894
28.0_78.1,27.996708,78.1072585
28.0_78.2,27.984480875,78.203756625
28.0_78.3,27.994690714285714,78.29250642857143
28.0_78.4,27.985162375,78.401573875
28.0_78.5,28.0210845,78.49530975
28.0_78.6,27.994929428571428,78.60259914285714
28.0_78.7,28.033551,78.661007
28.0_78.9,28.013226500000002,78.8850995
28.0_79.0,27.98324,79.03590266666667
28.0_79.1,28.018750500000003,79.13387449999999
28.0_79.2,27.976276,79.175171
28.0_79.3,28.041362,79.3330315
28.0_79.4,28.047601,79.40562
28.0_79.5,28.002338666666663,79.47609066666666
28.0_79.6,28.016855,79.626794
28.0_79.7,28.011635,79.670824
28.1_73.9,28.106964,73.869374
28.1_74.1,28.136303,74.134986
28.1_74.5,28.058901,74.49548250000001
28.1_74.6,28.131323,74.59091599999999
28.1_74.7,28.070507,74.735831
28.1_74.9,28.123545,74.866321
28.1_75.0,28.10145233333333,75.02012833333333
28.1_75.1,28.083961,75.114336
28.1_75.2,28.1117405,75.21413050000001
28.1_75.3,28.064557,75.28139
28.1_75.4,28.08724266666667,75.38539233333334
28.1_75.5,28.102923333333333,75.50265883333334
28.1_75.6,28.099247333333334,75.62861533333334
28.1_75.7,28.098742333333334,75.70632266666667
28.1_75.8,28.101694000000002,75.787029
28.1_75.9,28.092231583333334,75.90605841666667
28.1_76.0,28.112865,76.0037777142857
28.1_76.1,28.117693727272727,76.10475236363636
28.1_76.2,28.100570866666665,76.19686486666666
28.1_76.3,28.0931304,76.30851186666668
28.1_76.4,28.0919584,76.40576485
28.1_76.5,28.100326666666664,76.50222141666667
28.1_76.6,28.103391615384616,76.59956771794872
28.1_76.7,28.095193166666665,76.69626829166667
28.1_76.8,28.10429246551724,76.79491843103447
28.1_76.9,28.1028725,76.89848458064517
28.1_77.0,28.097069205882352,77.00461385294118
28.1_77.1,28.104870012987014,77.09952955844156
28.1_77.2,28.104418746478874,77.20132246478873
28.1_77.3,28.101866901639344,77.30232280327868
28.1_77.4,28.11156533962264,77.40329288679246
28.1_77.5,28.102510431372547,77.49232439215686
28.1_77.6,28.101919281249998,77.59085412499999
28.1_77.7,28.107199451612903,77.70404770967743
28.1_77.8,28.1046112,77.79793673333333
28.1_77.9,28.099385263157895,77.88682057894736
28.1_78.0,28.10110441666667,77.996192
28.1_78.1,28.0914331,78.0970274
28.1_78.2,28.11514475,78.1980315
28.1_78.3,28.099490222222222,78.29940377777777
28.1_78.4,28.084777,78.414254
28.1_78.5,28.1011835,78.49737350000001
28.1_78.6,28.126698833333336,78.61671066666666
28.1_78.7,28.067351000000002,78.70392733333334
28.1_78.8,28.10520766666667,78.81813566666666
28.1_79.0,28.086271999999997,78.98992233333333
28.1_79.1,28.098634,79.12227233333333
28.1_79.2,28.055307,79.200779
28.1_79.4,28.090082,79.379808
28.1_79.5,28.101394,79.48953733333333
28.1_79.6,28.121376,79.591756
28.1_79.7,28.116153,79.716136
28.1_79.8,28.08301,79.754865
28.1_79.9,28.066143500000003,79.86765700000001
28.1_80.0,28.114090500000003,80.0248795
28.2_74.2,28.215587,74.189122
28.2_74.3,28.191538,74.2801065
28.2_74.4,28.204776,74.386664
28.2_74.6,28.210582,74.60767
28.2_74.7,28.213778,74.719277
28.2_74.8,28.1960635,74.79929200000001
28.2_75.1,28.181052,75.078577
28.2_75.2,28.202039,75.171149
28.2_75.3,28.214162666666667,75.313924
28.2_75.5,28.229701,75.502427
28.2_75.6,28.189849,75.59173166666666
28.2_75.7,28.2135768,75.71026
28.2_75.8,28.217512571428568,75.81361028571429
28.2_75.9,28.1936725,75.888768
28.2_76.0,28.20794583333333,75.99433549999999
28.2_76.1,28.203352666666667,76.10285411111111
28.2_76.2,28.209814299999998,76.19730055
28.2_76.3,28.203595592592592,76.29285314814815
28.2_76.4,28.199720967741932,76.40040451612903
28.2_76.5,28.207213952380954,76.50143047619048
28.2_76.6,28.20912646808511,76.59388438297873
28.2_76.7,28.197934285714286,76.70181246938775
28.2_76.8,28.208431044117646,76.80320916176471
28.2_76.9,28.201660529411765,76.90038017647059
28.2_77.0,28.202331096385546,77.00011324096386
28.2_77.1,28.203661563829787,77.10084823404254
28.2_77.2,28.20350172289157,77.19457591566264
28.2_77.3,28.207609012658228,77.30232569620253
28.2_77.4,28.202472924242425,77.40232704545454
28.2_77.5,28.198394953846154,77.49938944615384
28.2_77.6,28.195455809523807,77.59174192857142
28.2_77.7,28.20439195652174,77.69631358695652
28.2_77.8,28.20778315789474,77.80009910526316
28.2_77.9,28.21131924,77.89574327999999
28.2_78.0,28.204556782608694,77.99854134782609
28.2_78.1,28.196756875000002,78.10920924999999
28.2_78.2,28.194781181818186,78.18094627272727
28.2_78.3,28.218469714285714,78.29059357142857
28.2_78.4,28.199232,78.38509675
28.2_78.5,28.205417,78.4975975
28.2_78.6,28.232258666666667,78.59704666666666
28.2_78.7,28.203367,78.722252
28.2_78.8,28.1917098,78.79861639999999
28.2_78.9,28.219213666666665,78.89840600000001
28.2_79.0,28.159236,78.964811
28.2_79.1,28.2003095,79.108846
28.2_79.2,28.190617,79.234595
28.2_79.3,28.203488,79.319161
28.2_79.4,28.2345875,79.3921455
28.2_79.5,28.199598,79.470999
28.2_79.6,28.183221000000003,79.58256750000001
28.2_79.7,28.180854,79.676173
28.2_79.9,28.161404,79.907179
28.2_80.3,28.237716,80.278847
28.3_74.1,28.257085,74.057326
28.3_74.2,28.347989,74.181668
28.3_74.4,28.313281,74.407432
28.3_74.5,28.326104,74.468331
28.3_74.7,28.2864755,74.7074165
28.3_75.2,28.289308,75.212191
28.3_75.3,28.26304,75.348953
28.3_75.5,28.294494,75.51687774999999
28.3_75.6,28.311145999999997,75.60245566666667
28.3_75.7,28.26838975,75.69349425
28.3_75.8,28.30596957142857,75.79938871428571
28.3_75.9,28.295564777777777,75.88838866666667
28.3_76.0,28.3023968125,76.00205
28.3_76.1,28.30473466666667,76.11598933333333
28.3_76.2,28.29270568181818,76.19372140909091
28.3_76.3,28.302498615384614,76.30032146153846
28.3_76.4,28.294562,76.40279017142856
28.3_76.5,28.29853175510204,76.49286757142856
28.3_76.6,28.299746746031747,76.60501658730158
28.3_76.7,28.307922407894736,76.70718313157894
28.3_76.8,28.30059381,76.80277838
28.3_76.9,28.301570313725488,76.89982385294118
28.3_77.0,28.305305897435897,77.00486168376068
28.3_77.1,28.301566231343283,77.09829002985074
28.3_77.2,28.30471294308943,77.2003622195122
28.3_77.3,28.304841141304347,77.29602523913044
28.3_77.4,28.301177204545453,77.39888684090909
28.3_77.5,28.30427385227273,77.49825560227272
28.3_77.6,28.302051911764707,77.599473
28.3_77.7,28.296954,77.69526002222223
28.3_77.8,28.301325875,77.79400352083333
28.3_77.9,28.297994,77.8853732962963
28.3_78.0,28.30399827272727,77.99476772727273
28.3_78.1,28.29464272222222,78.10071777777779
28.3_78.2,28.303889583333333,78.21418191666667
28.3_78.3,28.297993090909088,78.29502618181819
28.3_78.4,28.289695799999997,78.38499399999999
28.3_78.5,28.286729285714284,78.48474728571429
28.3_78.6,28.283871,78.61042725
28.3_78.7,28.281518333333334,78.69363
28.3_78.8,28.317865285714284,78.80041600000001
28.3_78.9,28.3201495,78.9287935
28.3_79.0,28.2824,78.990151
28.3_79.1,28.311813,79.077454
28.3_79.2,28.267139999999998,79.21391349999999
28.3_79.4,28.296324,79.39069749999999
28.3_79.6,28.309582666666667,79.61953633333333
28.3_79.7,28.340348,79.7389
28.3_79.8,28.266431,79.766416
28.3_80.0,28.264909,80.046494
28.3_80.2,28.256004,80.19621
28.4_74.1,28.420557,74.101848
28.4_74.2,28.438538,74.211442
28.4_74.3,28.3794,74.267699
28.4_74.6,28.38646,74.570582
28.4_74.7,28.3754675,74.68330399999999
28.4_74.8,28.385266,74.819795
28.4_74.9,28.406219,74.89584
28.4_75.0,28.423206,74.99060800000001
28.4_75.1,28.376389,75.079219
28.4_75.3,28.440278,75.329167
28.4_75.4,28.36509,75.416584
28.4_75.5,28.399362,75.47672800000001
28.4_75.6,28.405746333333337,75.57568266666668
28.4_75.7,28.408685000000002,75.6885276
28.4_75.8,28.40248025,75.787653625
28.4_75.9,28.393387666666666,75.9066305
28.4_76.0,28.395539166666666,76.01511166666667
28.4_76.1,28.394342714285717,76.09713071428573
28.4_76.2,28.4063318125,76.20906375
28.4_76.3,28.403973249999996,76.29927120833334
28.4_76.4,28.39929431372549,76.40317094117647
28.4_76.5,28.396125579710144,76.50530326086957
28.4_76.6,28.403009731343282,76.59645098507463
28.4_76.7,28.400262770833333,76.69928872916667
28.4_76.8,28.402961445454544,76.80411908181819
28.4_76.9,28.401192350877192,76.90092595614036
28.4_77.0,28.403202476923077,76.99964845384615
28.4_77.1,28.40192637398374,77.09957598373984
28.4_77.2,28.4004171119403,77.19822200746269
28.4_77.3,28.397065443396226,77.29642825471697
28.4_77.4,28.404746915789474,77.39801695789474
28.4_77.5,28.405357011627906,77.49873134883721
28.4_77.6,28.397651773333333,77.59813634666666
28.4_77.7,28.396937783333332,77.69929613333333
28.4_77.8,28.398910529411765,77.79848758823529
28.4_77.9,28.390630945945944,77.89450175675675
28.4_78.0,28.398577142857143,78.00279817857142
28.4_78.1,28.403985304347824,78.1016277826087
28.4_78.2,28.402269076923076,78.20301153846154
28.4_78.3,28.408454999999996,78.2980036
28.4_78.4,28.422082454545453,78.40691309090909
28.4_78.5,28.4015696,78.484896
28.4_78.6,28.3892402,78.59024500000001
28.4_78.7,28.416202,78.67671866666667
28.4_78.8,28.375251,78.7954335
28.4_78.9,28.4426065,78.9150175
28.4_79.0,28.385875499999997,79.04041649999999
28.4_79.1,28.394768,79.0831585
28.4_79.2,28.40807475,79.22875225
28.4_79.3,28.377488999999997,79.337021
28.4_79.4,28.391101,79.425065
28.4_79.5,28.429775,79.50588
28.4_79.7,28.363275,79.692079
28.4_79.8,28.403491,79.800633
28.4_79.9,28.399222,79.943776
28.4_80.0,28.4091175,79.981338
28.5_74.1,28.500541,74.128628
28.5_74.8,28.467262,74.832961
28.5_74.9,28.498148999999998,74.92593133333334
28.5_75.0,28.455916,74.959785
28.5_75.1,28.4942915,75.1005295
28.5_75.2,28.508342250000002,75.19913975
28.5_75.3,28.524326,75.31708
28.5_75.4,28.482037,75.36439949999999
28.5_75.5,28.503457666666666,75.50090066666667
28.5_75.6,28.5044334,75.6058044
28.5_75.7,28.49701616666667,75.691574
28.5_75.8,28.521153714285713,75.80060185714285
28.5_75.9,28.50054129411765,75.89904294117648
28.5_76.0,28.490454,75.9780922
28.5_76.1,28.4903095625,76.1022179375
28.5_76.2,28.503914428571427,76.19520360714286
28.5_76.3,28.50119212121212,76.30807703030302
28.5_76.4,28.499486865384615,76.3982455
28.5_76.5,28.497249444444442,76.50738674603174
28.5_76.6,28.499354425,76.6000643
28.5_76.7,28.503201346938777,76.7078872755102
28.5_76.8,28.50380754961832,76.80096360305343
28.5_76.9,28.498761369426756,76.89772778980891
28.5_77.0,28.50045044871795,77.00139319230769
28.5_77.1,28.500583506756755,77.10007895945945
28.5_77.2,28.50300978125,77.2016359375
28.5_77.3,28.501829129496404,77.29597394244604
28.5_77.4,28.4962790078125,77.3939861171875
28.5_77.5,28.50180460952381,77.49552174285714
28.5_77.6,28.494565411764704,77.60027748039215
28.5_77.7,28.50118944262295,77.6976297704918
28.5_77.8,28.500382000000002,77.79831215151515
28.5_77.9,28.512295137931034,77.90453362068966
28.5_78.0,28.51093290625,77.99284653125
28.5_78.1,28.492031814814816,78.09675133333333
28.5_78.2,28.5006594375,78.19808475
28.5_78.3,28.496709900000003,78.29575170000001
28.5_78.4,28.490229571428568,78.41375085714286
28.5_78.5,28.501896555555554,78.49273222222222
28.5_78.6,28.492347333333335,78.58368866666666
28.5_78.7,28.52255166666667,78.69366333333333
28.5_78.8,28.4710855,78.78806349999999
28.5_78.9,28.511163333333332,78.89578933333333
28.5_79.0,28.492993333333335,79.00183933333334
28.5_79.1,28.512333333333334,79.11617133333333
28.5_79.2,28.5070805,79.182157
28.5_79.4,28.467848,79.449829
28.5_79.5,28.508744,79.46517
28.5_79.6,28.515031750000002,79.5930355
28.5_79.7,28.519858,79.69534599999999
28.5_79.8,28.4543075,79.7683795
28.5_80.0,28.5385815,80.035286
28.6_74.2,28.599884000000003,74.1531415
28.6_74.3,28.617706,74.332868
28.6_74.4,28.621543,74.408404
28.6_74.6,28.6027525,74.5860835
28.6_74.8,28.598938750000002,74.79782975
28.6_74.9,28.641973,74.905693
28.6_75.0,28.608182,75.00958833333334
28.6_75.1,28.604540666666665,75.08486066666667
28.6_75.2,28.614915999999997,75.201969
28.6_75.3,28.595958999999997,75.295884
28.6_75.4,28.57058,75.3838235
28.6_75.5,28.593002555555554,75.49981266666666
28.6_75.6,28.606698,75.57100700000001
28.6_75.7,28.60531742857143,75.69809614285714
28.6_75.8,28.59920588888889,75.80224444444444
28.6_75.9,28.597995555555556,75.89412655555556
28.6_76.0,28.60245442857143,76.00072985714287
28.6_76.1,28.59327795238095,76.10777580952382
28.6_76.2,28.610405333333333,76.20737881481482
28.6_76.3,28.595936695652174,76.29913458695651
28.6_76.4,28.59941660784314,76.40558462745098
28.6_76.5,28.596788787878786,76.50808207575757
28.6_76.6,28.601883588235292,76.60073395294117
28.6_76.7,28.601423808,76.70316718400001
28.6_76.8,28.593598285714286,76.79724072321429
28.6_76.9,28.59676945,76.9022493625
28.6_77.0,28.597899664473683,77.00153131578948
28.6_77.1,28.60040208227848,77.10092620886077
28.6_77.2,28.60135816935484,77.20294643548387
28.6_77.3,28.599457947019868,77.29892249668873
28.6_77.4,28.6012926124031,77.40030352713178
28.6_77.5,28.60093942857143,77.49884020714285
28.6_77.6,28.598459157894737,77.5915016491228
28.6_77.7,28.601493057971016,77.69392595652174
28.6_77.8,28.606906589285718,77.80399607142859
28.6_77.9,28.604891926829268,77.90031375609756
28.6_78.0,28.594539970588237,78.0019109117647
28.6_78.1,28.59896057142857,78.09024671428571
28.6_78.2,28.5997855,78.18775825
28.6_78.3,28.6114103,78.3003638
28.6_78.4,28.59726855555556,78.400263
28.6_78.5,28.5956105,78.520003
28.6_78.6,28.610470199999998,78.5952112
28.6_78.7,28.6353974,78.67958300000001
28.6_78.8,28.59342666666667,78.80670099999999
28.6_78.9,28.583908,78.933113
28.6_79.0,28.58220125,79.01053825
28.6_79.1,28.628444000000002,79.09472099999999
28.6_79.2,28.610532999999997,79.211464
28.6_79.3,28.611276,79.306202
28.6_79.5,28.585684333333333,79.48280066666666
28.6_79.6,28.6090725,79.60794000000001
28.6_79.8,28.645807,79.822125
28.6_80.0,28.592716,80.049421
28.6_80.1,28.629391,80.139604
28.7_73.9,28.6511,73.885019
28.7_74.1,28.685011,74.082533
28.7_74.6,28.724873,74.64119
28.7_74.7,28.726195,74.659391
28.7_74.8,28.6969125,74.7919705
28.7_74.9,28.749486,74.947213
28.7_75.0,28.660119,75.01262
28.7_75.2,28.703281375,75.201292
28.7_75.3,28.700396777777776,75.30611233333333
28.7_75.4,28.6750744,75.398371
28.7_75.5,28.693086,75.487413
28.7_75.6,28.71496214285714,75.61712314285715
28.7_75.7,28.702157999999997,75.706261
28.7_75.8,28.717611857142856,75.79556114285715
28.7_75.9,28.6900688,75.9057857
28.7_76.0,28.701452333333332,76.00083683333334
28.7_76.1,28.7035196,76.10433895
28.7_76.2,28.70160116,76.20145676
28.7_76.3,28.71211194117647,76.30153200000001
28.7_76.4,28.707387738095242,76.40928073809525
28.7_76.5,28.703675045454546,76.50109096969696
28.7_76.6,28.695449567567568,76.6053694054054
28.7_76.7,28.704368964285713,76.70117497321428
28.7_76.8,28.697966013245033,76.8007101986755
28.7_76.9,28.700059559440557,76.89857806993007
28.7_77.0,28.699453824675324,77.00289031818183
28.7_77.1,28.699211985714285,77.10058842857143
28.7_77.2,28.70004924503311,77.19687892715233
28.7_77.3,28.70008284868421,77.3013647763158
28.7_77.4,28.701333581560284,77.39969036879432
28.7_77.5,28.695117774509804,77.50216147058823
28.7_77.6,28.701801317073173,77.59974103658536
28.7_77.7,28.694457443037972,77.68961316455696
28.7_77.8,28.696564555555558,77.7957312063492
28.7_77.9,28.69648665909091,77.89541486363636
28.7_78.0,28.691515382352943,77.99223288235294
28.7_78.1,28.693019958333334,78.094390875
28.7_78.2,28.680169333333335,78.19586783333334
28.7_78.3,28.700595923076925,78.29721123076924
28.7_78.4,28.688370333333335,78.39478077777778
28.7_78.5,28.692237799999997,78.50443279999999
28.7_78.6,28.694551,78.603387
28.7_78.7,28.7044062,78.6834912
28.7_78.8,28.6891315,78.804228
28.7_78.9,28.722087000000002,78.89829850000001
28.7_79.0,28.712792999999998,78.97797299999999
28.7_79.1,28.7143005,79.14505700000001
28.7_79.2,28.7159005,79.221323
28.7_79.3,28.67552425,79.3105535
28.7_79.4,28.719133499999998,79.4356935
28.7_79.5,28.740725,79.49742499999999
28.7_79.6,28.715973,79.624064
28.7_79.7,28.709519,79.664787
28.7_79.8,28.741857500000002,79.794567
28.7_80.2,28.710307,80.187453
28.8_74.3,28.776398,74.2856795
28.8_74.8,28.815021,74.824534
28.8_74.9,28.82133,74.853111
28.8_75.0,28.782734,75.032202
28.8_75.2,28.77340025,75.20153125
28.8_75.3,28.830061,75.302938
28.8_75.4,28.8249555,75.399187
28.8_75.5,28.811899999999998,75.52320033333334
28.8_75.6,28.7941205,75.60631925
28.8_75.7,28.789909,75.680072
28.8_75.8,28.7907914,75.7935901
28.8_75.9,28.80208633333333,75.89084955555556
28.8_76.0,28.800020909090907,75.99673654545455
28.8_76.1,28.796638599999998,76.0982082
28.8_76.2,28.793337416666663,76.20374575
28.8_76.3,28.798981344827585,76.30616755172413
28.8_76.4,28.79966759259259,76.40575862962963
28.8_76.5,28.80455938028169,76.50346450704225
28.8_76.6,28.796623438202246,76.60376761797752
28.8_76.7,28.797720193548386,76.70034819354838
28.8_76.8,28.798731014925373,76.80443450746269
28.8_76.9,28.799735606557377,76.90256920491804
28.8_77.0,28.795848232704405,77.00156203144654
28.8_77.1,28.802886268292685,77.10140084146342
28.8_77.2,28.798373722580646,77.19406646451613
28.8_77.3,28.79568539849624,77.3057107744361
28.8_77.4,28.801263853658536,77.3934984796748
28.8_77.5,28.80467722222222,77.5017823939394
28.8_77.6,28.799392827160492,77.60464007407408
28.8_77.7,28.798620112676055,77.68965650704226
28.8_77.8,28.796769357142857,77.79561307142858
28.8_77.9,28.79259312903226,77.90591977419355
28.8_78.0,28.80141076923077,77.99416503846155
28.8_78.1,28.7965762,78.0989068
28.8_78.2,28.797544181818182,78.20741781818182
28.8_78.3,28.812578384615385,78.31059938461539
28.8_78.4,28.8165485,78.4119987
28.8_78.5,28.78509388888889,78.48548344444445
28.8_78.6,28.8061724,78.59612039999999
28.8_78.7,28.810572428571426,78.71752657142858
28.8_78.8,28.788676199999998,78.8158772
28.8_78.9,28.77770633333333,78.89009566666667
28.8_79.0,28.828743,78.981729
28.8_79.1,28.821719142857145,79.09729585714285
28.8_79.2,28.7795545,79.1987425
28.8_79.3,28.823023,79.309592
28.8_79.4,28.780393,79.39308899999999
28.8_79.5,28.787603750000002,79.51534875
28.8_79.6,28.783757,79.607497
28.8_79.7,28.767446,79.724946
28.8_79.8,28.817724,79.765991
28.8_80.1,28.792011,80.062105
28.9_74.5,28.934972,74.517913
28.9_74.6,28.894453666666664,74.597765
28.9_74.7,28.895106,74.69476
28.9_75.0,28.916790499999998,75.026859
28.9_75.2,28.88696,75.219606
28.9_75.3,28.909643,75.277181
28.9_75.5,28.898557333333333,75.509613
28.9_75.6,28.8978796,75.6176838
28.9_75.7,28.9031555,75.70887625
28.9_75.8,28.896214166666667,75.80461683333333
28.9_75.9,28.9061666,75.9110062
28.9_76.0,28.899441,76.01550416666667
28.9_76.1,28.9030505,76.09571478571429
28.9_76.2,28.892869125,76.19619929166667
28.9_76.3,28.904251131578945,76.3026055
28.9_76.4,28.898731735294117,76.40131661764705
28.9_76.5,28.90074744117647,76.5035927352941
28.9_76.6,28.898083630136988,76.60872505479453
28.9_76.7,28.896721397590365,76.70369813253012
28.9_76.8,28.89611626851852,76.79875002777779
28.9_76.9,28.89840807142857,76.90327640714285
28.9_77.0,28.897440921875,76.9985466484375
28.9_77.1,28.898347617647058,77.10171779411765
28.9_77.2,28.894147902654865,77.1970614778761
28.9_77.3,28.89983120909091,77.29529267272727
28.9_77.4,28.897082141509433,77.39511138679245
28.9_77.5,28.89835210714286,77.50332173809524
28.9_77.6,28.901022557894738,77.59677912631578
28.9_77.7,28.90226428,77.70567732
28.9_77.8,28.90265144117647,77.79116688235295
28.9_77.9,28.907840733333334,77.8947284
28.9_78.0,28.904126214285714,77.99757935714285
28.9_78.1,28.903386499999996,78.10644516666667
28.9_78.2,28.894035533333334,78.19249813333333
28.9_78.3,28.896473666666665,78.30252811111112
28.9_78.4,28.8884166,78.3919502
28.9_78.5,28.90727742857143,78.50799714285714
28.9_78.6,28.9139942,78.61469600000001
28.9_78.7,28.891899000000002,78.71288200000001
28.9_78.8,28.886392,78.81020724999999
28.9_78.9,28.879247666666668,78.90173266666666
28.9_79.0,28.8908725,79.00092375
28.9_79.1,28.8724305,79.10029800000001
28.9_79.2,28.91717625,79.200455
28.9_79.3,28.909702666666664,79.31699333333334
28.9_79.4,28.890081000000002,79.3763375
28.9_79.5,28.90527,79.486109
28.9_79.6,28.942128,79.553888
28.9_79.7,28.885668,79.673814
28.9_79.8,28.948266,79.798821
28.9_80.0,28.900076,80.021645
28.9_80.2,28.873195,80.218577
29.0_73.9,29.001435,73.921284
29.0_74.5,28.959238,74.472006
29.0_74.6,29.033963,74.590961
29.0_74.7,28.957054,74.730487
29.0_74.8,29.0137195,74.802964
29.0_74.9,28.988436999999998,74.916874
29.0_75.0,29.034923,75.015712
29.0_75.1,28.963162500000003,75.09857450000001
29.0_75.3,28.997103999999997,75.29075733333333
29.0_75.4,28.99065566666667,75.38649183333332
29.0_75.5,28.988453,75.52515819999999
29.0_75.6,29.005647666666665,75.603629
29.0_75.7,29.00233642857143,75.69137814285715
29.0_75.8,28.982638400000003,75.8070278
29.0_75.9,28.999798,75.89204219999999
29.0_76.0,29.002004875,76.0007805
29.0_76.1,28.97819209090909,76.10529772727273
29.0_76.2,28.99790107692308,76.19102430769232
29.0_76.3,28.992694695652176,76.30353291304347
29.0_76.4,29.00273485714286,76.40183353571429
29.0_76.5,28.99683227419355,76.49862411290323
29.0_76.6,28.99611747272727,76.6010628
29.0_76.7,29.000264785714286,76.70335788095238
29.0_76.8,28.998636705882355,76.7989246
29.0_76.9,28.998430828828827,76.90234362162163
29.0_77.0,29.000354021276596,77.00124782978723
29.0_77.1,28.997490826923077,77.09842235576923
29.0_77.2,29.00098796460177,77.2025904778761
29.0_77.3,28.99417784523809,77.3024904047619
29.0_77.4,28.996360645569624,77.39424060759494
29.0_77.5,28.99786382278481,77.50312421518987
29.0_77.6,29.000073,77.59633423809524
29.0_77.7,28.991003274509804,77.71085774509804
29.0_77.8,28.98981390625,77.7922075
29.0_77.9,29.006816041666667,77.89509408333333
29.0_78.0,28.995229789473683,77.98885452631579
29.0_78.1,29.004046894736845,78.09134789473684
29.0_78.2,29.0066895625,78.1808771875
29.0_78.3,28.995831625,78.291133
29.0_78.4,28.9787119,78.3805398
29.0_78.5,28.98797625,78.4951215
29.0_78.6,29.013253399999996,78.5900764
29.0_78.7,29.0129105,78.71664750000001
29.0_78.9,28.9808746,78.8865888
29.0_79.0,28.998078333333336,78.97417966666667
29.0_79.1,28.9906655,79.11254575
29.0_79.2,28.97349966666667,79.20138733333334
29.0_79.4,28.995261,79.400645
29.0_79.5,29.010612000000002,79.53223249999999
29.0_79.6,28.974072,79.572253
29.0_79.8,29.04307,79.762863
29.0_79.9,29.0205825,79.9129725
29.0_80.0,29.001002,79.983314
29.1_74.2,29.077675,74.176033
29.1_74.7,29.131414333333336,74.68446999999999
29.1_74.8,29.112209,74.823356
29.1_75.0,29.083022,75.01720399999999
29.1_75.1,29.1067305,75.12097700000001
29.1_75.2,29.106227,75.20837171428572
29.1_75.3,29.077733666666663,75.32403966666668
29.1_75.5,29.069734666666665,75.493284
29.1_75.6,29.10609066666667,75.59516466666666
29.1_75.7,29.090271714285713,75.68348528571428
29.1_75.8,29.094744499999997,75.8221035
29.1_75.9,29.10919842857143,75.91832914285715
29.1_76.0,29.096060769230768,76.00569569230768
29.1_76.1,29.097658625,76.1146833125
29.1_76.2,29.089270437499998,76.20482575
29.1_76.3,29.10176935,76.2988618
29.1_76.4,29.093628291666665,76.409862
29.1_76.5,29.09608306666667,76.50793653333334
29.1_76.6,29.104018404255317,76.60603517021276
29.1_76.7,29.09691017948718,76.69945144871795
29.1_76.8,29.1110376,76.79637826
29.1_76.9,29.096978211764707,76.89977755294117
29.1_77.0,29.097320782608698,76.99739879710145
29.1_77.1,29.095577094117647,77.10526643529411
29.1_77.2,29.090907451612903,77.20383504301076
29.1_77.3,29.10039401369863,77.3018621780822
29.1_77.4,29.103017276923076,77.4041442
29.1_77.5,29.101056623188406,77.5004298115942
29.1_77.6,29.097498820000002,77.60026572
29.1_77.7,29.08850945945946,77.70165762162162
29.1_77.8,29.104116166666667,77.79928866666665
29.1_77.9,29.101275166666667,77.89626733333334
29.1_78.0,29.10112266666667,77.99765674999999
29.1_78.1,29.093800133333332,78.09679773333333
29.1_78.2,29.094742888888888,78.18692677777777
29.1_78.3,29.096824666666667,78.306068
29.1_78.4,29.06795775,78.3914815
29.1_78.5,29.089632299999998,78.49989389999999
29.1_78.6,29.0994146,78.62127760000001
29.1_78.7,29.1000194,78.69269
29.1_78.8,29.100959,78.779522
29.1_78.9,29.055212333333333,78.904162
29.1_79.0,29.124432,78.97129
29.1_79.1,29.07775,79.057339
29.1_79.2,29.070321,79.239275
29.1_79.3,29.10508833333333,79.308751
29.1_79.4,29.131196,79.389474
29.1_79.6,29.068057,79.649125
29.1_79.7,29.133797,79.724352
29.1_79.8,29.090428,79.81795199999999
29.1_79.9,29.1039005,79.8511925
29.1_80.4,29.090057,80.36228
29.2_74.0,29.236462,73.9727675
29.2_74.5,29.248399,74.46066
29.2_74.6,29.207836,74.630691
29.2_74.8,29.241591,74.752612
29.2_75.0,29.21927875,74.99609825
29.2_75.2,29.216019000000003,75.198137
29.2_75.4,29.1996815,75.40081
29.2_75.5,29.220933333333335,75.48810999999999
29.2_75.6,29.2125575,75.596222
29.2_75.7,29.205113,75.68996275
29.2_75.8,29.19755711111111,75.80990711111112
29.2_75.9,29.184801833333335,75.89957066666666
29.2_76.0,29.21374714285714,76.01057614285715
29.2_76.1,29.18852325,76.113944
29.2_76.2,29.2104496875,76.208197875
29.2_76.3,29.19465213333333,76.30441166666667
29.2_76.4,29.207336923076923,76.40477234615385
29.2_76.5,29.203496612903226,76.5031194516129
29.2_76.6,29.19897854054054,76.59939354054055
29.2_76.7,29.19809944,76.70916526
29.2_76.8,29.201150964912284,76.80203777192983
29.2_76.9,29.201503229508198,76.89826739344262
29.2_77.0,29.20190646153846,77.00432066153847
29.2_77.1,29.19836404347826,77.10161169565217
29.2_77.2,29.196416881355933,77.20303311864407
29.2_77.3,29.195441399999996,77.29826543636365
29.2_77.4,29.1973795,77.401291609375
29.2_77.5,29.195366081632653,77.49728740816327
29.2_77.6,29.1962816969697,77.59206881818182
29.2_77.7,29.194963320000003,77.69148512
29.2_77.8,29.20083015625,77.79137171875
29.2_77.9,29.198267363636365,77.90341695454545
29.2_78.0,29.194274461538463,78.00157484615384
29.2_78.1,29.192307266666667,78.10593673333332
29.2_78.2,29.2159786,78.1937944
29.2_78.3,29.190667,78.291325
29.2_78.4,29.201207125,78.3895665
29.2_78.5,29.184622333333333,78.485473
29.2_78.6,29.18661625,78.6080895
29.2_78.7,29.204338,78.718656
29.2_78.8,29.19041375,78.80154225
29.2_78.9,29.197905333333335,78.91789666666666
29.2_79.1,29.195127499999998,79.133022
29.2_79.2,29.1850605,79.167767
29.2_79.4,29.171403,79.411537
29.2_79.5,29.203528,79.509188
29.2_79.6,29.196137,79.61500649999999
29.2_79.7,29.1813845,79.68377799999999
29.2_80.1,29.165357,80.073346
29.3_74.5,29.29885,74.531734
29.3_74.8,29.344545,74.795373
29.3_74.9,29.283803666666667,74.90942933333334
29.3_75.1,29.297402333333334,75.09068466666668
29.3_75.2,29.3157045,75.1854205
29.3_75.3,29.255917,75.298666
29.3_75.4,29.299639,75.38349233333334
29.3_75.5,29.2912145,75.507035
29.3_75.6,29.29957825,75.6231445
29.3_75.7,29.2612498,75.6983204
29.3_75.8,29.285351875,75.797577375
29.3_75.9,29.313408999999996,75.891947
29.3_76.0,29.3140466,76.0027708
29.3_76.1,29.31342123076923,76.112281
29.3_76.2,29.28868346153846,76.19883946153847
29.3_76.3,29.284989909090907,76.30354163636365
29.3_76.4,29.2939233,76.4083631
29.3_76.5,29.292429904761907,76.5002039047619
29.3_76.6,29.293802814814814,76.5947661851852
29.3_76.7,29.294215258064515,76.71037667741936
29.3_76.8,29.299837824999997,76.806311925
29.3_76.9,29.30022276190476,76.906986
29.3_77.0,29.303085404761905,77.00229888095238
29.3_77.1,29.282538777777777,77.10279216666667
29.3_77.2,29.30549641860465,77.19567862790699
29.3_77.3,29.296173615384614,77.29500425641025
29.3_77.4,29.287811476190477,77.400435
29.3_77.5,29.29755594736842,77.49591644736843
29.3_77.6,29.305798354838707,77.60338761290322
29.3_77.7,29.302272379310345,77.70534655172413
29.3_77.8,29.30292888235294,77.79658423529412
29.3_77.9,29.30161742857143,77.90590078571428
29.3_78.0,29.296909565217394,78.00131765217391
29.3_78.1,29.295584428571427,78.08493
29.3_78.2,29.2756485,78.213812875
29.3_78.3,29.299064714285716,78.293897
29.3_78.4,29.29172025,78.385832
29.3_78.5,29.27996125,78.50191475
29.3_78.6,29.3148034,78.6130442
29.3_78.7,29.307049499999998,78.695175
29.3_78.8,29.30143475,78.8017655
29.3_78.9,29.284832,78.942179
29.3_79.0,29.295688,79.00671
29.3_79.1,29.250384,79.126127
29.3_79.2,29.292762500000002,79.1945395
29.3_79.3,29.330659,79.296059
29.3_79.6,29.31475,79.561472
29.3_79.7,29.25846,79.676379
29.3_79.8,29.340775,79.783528
29.3_79.9,29.265349,79.881954
29.4_74.3,29.386944,74.345461
29.4_74.7,29.417068666666665,74.69934766666667
29.4_74.9,29.385721333333333,74.93211366666667
29.4_75.0,29.417605000000002,74.9719475
29.4_75.2,29.360953,75.164862
29.4_75.3,29.417086666666666,75.31011000000001
29.4_75.4,29.359289,75.432478
29.4_75.5,29.376921999999997,75.48674833333334
29.4_75.6,29.370616,75.635467
29.4_75.7,29.409259499999997,75.69736850000001
29.4_75.8,29.369067,75.7881085
29.4_75.9,29.374514666666666,75.92583333333333
29.4_76.0,29.401874666666668,76.01368083333334
29.4_76.1,29.402755545454546,76.08997263636364
29.4_76.2,29.392564714285715,76.20974671428573
29.4_76.3,29.403466888888893,76.31339911111111
29.4_76.4,29.392180529411768,76.40538494117648
29.4_76.5,29.39713606666667,76.49845453333334
29.4_76.6,29.391901684210527,76.6068054736842
29.4_76.7,29.405889333333334,76.7036762
29.4_76.8,29.404075965517244,76.79820179310344
29.4_76.9,29.39250988,76.89834972
29.4_77.0,29.395167205882355,76.99893767647059
29.4_77.1,29.407786333333334,77.10263930769231
29.4_77.2,29.398137625,77.19104175
29.4_77.3,29.39215,77.2870651
29.4_77.4,29.407299549999998,77.41093194999999
29.4_77.5,29.402716586206896,77.50709106896552
29.4_77.6,29.39402876923077,77.6033088076923
29.4_77.7,29.40048617647059,77.69443870588236
29.4_77.8,29.404526588235296,77.80964764705882
29.4_77.9,29.412336800000002,77.9001122
29.4_78.0,29.400860857142856,78.0067152857143
29.4_78.1,29.393889,78.10999685714286
29.4_78.2,29.410212230769233,78.197856
29.4_78.3,29.3908518,78.3044912
29.4_78.4,29.409587333333334,78.38210383333333
29.4_78.5,29.38770975,78.49324775
29.4_78.6,29.394799,78.615411
29.4_78.7,29.403977,78.7034745
29.4_78.8,29.401952142857144,78.81789385714286
29.4_78.9,29.394027,78.917029
29.4_79.0,29.397286,79.015276
29.4_79.1,29.401490000000003,79.12348850000001
29.4_79.2,29.383868,79.248716
29.4_79.3,29.397367,79.327538
29.4_79.4,29.40338033333333,79.43470866666667
29.4_79.5,29.439195,79.534174
29.4_79.6,29.402984500000002,79.595975
29.5_74.1,29.547572,74.088425
29.5_74.5,29.502755,74.48186799999999
29.5_74.8,29.538876,74.846679
29.5_75.0,29.524207,74.966646
29.5_75.1,29.525090666666667,75.09067266666666
29.5_75.3,29.477162,75.269766
29.5_75.4,29.5086485,75.415877
29.5_75.5,29.491414,75.497844
29.5_75.6,29.499487000000002,75.61833999999999
29.5_75.7,29.4908265,75.71043800000001
29.5_75.8,29.463967,75.830606
29.5_75.9,29.481872,75.90492366666666
29.5_76.0,29.507398,75.991799
29.5_76.1,29.506046416666667,76.09063666666667
29.5_76.2,29.5042555,76.2133655
29.5_76.3,29.490466200000004,76.30206580000001
29.5_76.4,29.501018733333336,76.39863953333334
29.5_76.5,29.49431183333333,76.53089716666666
29.5_76.6,29.501487700000002,76.60441069999999
29.5_76.7,29.500080142857144,76.69946900000001
29.5_76.8,29.489564045454543,76.80564895454546
29.5_76.9,29.499921826086958,76.90133765217391
29.5_77.0,29.48573394736842,77.01621384210526
29.5_77.1,29.498294555555553,77.099772
29.5_77.2,29.495817761904764,77.20339085714286
29.5_77.3,29.48869143478261,77.29472178260869
29.5_77.4,29.51449947368421,77.40722057894736
29.5_77.5,29.495207368421053,77.51138784210526
29.5_77.6,29.499078333333333,77.60445441666667
29.5_77.7,29.495045,77.69744381818181
29.5_77.8,29.493863,77.8012693888889
29.5_77.9,29.499953916666666,77.89279341666666
29.5_78.0,29.500323,78.01866757142857
29.5_78.1,29.5061,78.11828575
29.5_78.2,29.511983714285716,78.20060414285715
29.5_78.3,29.482390499999998,78.2986835
29.5_78.4,29.517308,78.40042375
29.5_78.5,29.488147,78.483479
29.5_78.6,29.51922725,78.60538224999999
29.5_78.7,29.510217333333333,78.716567
29.5_78.8,29.48204375,78.76620349999999
29.5_78.9,29.511088666666666,78.89106733333334
29.5_79.0,29.512839999999997,79.0014775
29.5_79.1,29.471386,79.106454
29.5_79.2,29.512808,79.201885
29.5_79.3,29.483301,79.307222
29.5_79.5,29.535082,79.542576
29.5_79.6,29.466701,79.621249
29.5_79.7,29.488671,79.66507
29.5_79.8,29.471556,79.848975
29.6_74.5,29.562196,74.493943
29.6_74.7,29.631851,74.694779
29.6_74.8,29.573972,74.84671
29.6_74.9,29.634422,74.938306
29.6_75.0,29.600979,74.97831866666667
29.6_75.1,29.627429,75.148414
29.6_75.2,29.608565,75.184468
29.6_75.4,29.5954,75.436447
29.6_75.5,29.6104965,75.5176135
29.6_75.6,29.581765,75.613859
29.6_75.7,29.570749,75.70195050000001
29.6_75.8,29.5933335,75.788779
29.6_75.9,29.5865366,75.90282479999999
29.6_76.0,29.57075066666667,75.99093333333333
29.6_76.1,29.59775322222222,76.08316366666666
29.6_76.2,29.6044965,76.21546175
29.6_76.3,29.596171666666667,76.29822655555556
29.6_76.4,29.613649642857144,76.38389178571428
29.6_76.5,29.583296833333335,76.49412666666667
29.6_76.6,29.609121818181816,76.62460899999999
29.6_76.7,29.596314090909093,76.68708218181818
29.6_76.8,29.605604272727273,76.79437990909092
29.6_76.9,29.6018075625,76.896607125
29.6_77.0,29.590801,77.0272554
29.6_77.1,29.5989464375,77.1033931875
29.6_77.2,29.5984073125,77.1987279375
29.6_77.3,29.583939090909094,77.28855836363635
29.6_77.4,29.59628416,77.39634096
29.6_77.5,29.598488777777774,77.4812738888889
29.6_77.6,29.594825666666665,77.59772533333333
29.6_77.7,29.59084675,77.715770125
29.6_77.8,29.59558823076923,77.79659253846154
29.6_77.9,29.58736275,77.90834066666666
29.6_78.0,29.594097333333334,78.01771083333334
29.6_78.1,29.609669999999998,78.08513699999999
29.6_78.2,29.58737625,78.2095935
29.6_78.3,29.58839375,78.26102399999999
29.6_78.4,29.62210166666667,78.40314266666667
29.6_78.5,29.598109857142855,78.49017171428571
29.6_78.7,29.57895025,78.695832
29.6_78.8,29.600729,78.768152
29.6_78.9,29.631827,78.94659
29.6_79.0,29.595016666666666,78.979088
29.6_79.1,29.576769,79.0830835
29.6_79.2,29.588573,79.20266600000001
29.6_79.3,29.582268,79.321411
29.6_79.5,29.592597,79.50327139999999
29.6_79.6,29.588746,79.553682
29.6_79.7,29.563251,79.734104
29.6_79.9,29.624771,79.850248
29.7_74.2,29.733479,74.236693
29.7_74.3,29.684001,74.289647
29.7_74.7,29.711417,74.710886
29.7_74.8,29.7073495,74.8133675
29.7_75.1,29.673862,75.083543
29.7_75.2,29.696163,75.220016
29.7_75.3,29.711181,75.284295
29.7_75.5,29.697363000000003,75.4815045
29.7_75.7,29.67194333333333,75.68870399999999
29.7_75.8,29.70860475,75.7919015
29.7_75.9,29.688648666666666,75.91951066666667
29.7_76.0,29.699261857142858,76.00995257142857
29.7_76.1,29.682249666666667,76.12196766666666
29.7_76.2,29.715665285714287,76.22021842857143
29.7_76.3,29.72145675,76.28431725
29.7_76.4,29.73165883333333,76.40231466666667
29.7_76.5,29.675654285714284,76.50143085714285
29.7_76.6,29.693611875,76.58851275
29.7_76.7,29.702652333333333,76.7025
29.7_76.8,29.7001267,76.7982476
29.7_76.9,29.686687142857142,76.890588
29.7_77.0,29.69655857142857,77.02782057142858
29.7_77.1,29.691158384615385,77.09427600000001
29.7_77.2,29.70244693333333,77.19052146666667
29.7_77.3,29.68652907142857,77.29515357142857
29.7_77.4,29.69903475,77.40993025
29.7_77.5,29.702490875000002,77.508022625
29.7_77.6,29.686305444444443,77.59610977777778
29.7_77.7,29.697647285714286,77.7014417142857
29.7_77.8,29.702967,77.79232875
29.7_77.9,29.71711381818182,77.90474745454546
29.7_78.0,29.697294399999997,78.01275860000001
29.7_78.1,29.717909000000002,78.07710033333333
29.7_78.2,29.696271666666664,78.22053
29.7_78.3,29.698151000000003,78.29761740000001
29.7_78.4,29.660547,78.415062
29.7_78.5,29.726528,78.498972
29.7_78.6,29.687884,78.599164
29.7_78.7,29.700187,78.720395
29.7_78.9,29.710448333333336,78.87997566666667
29.7_79.0,29.700314,79.0030195
29.7_79.1,29.706799500000002,79.08904749999999
29.7_79.2,29.719961,79.19378366666666
29.7_79.3,29.66132,79.268065
29.7_79.4,29.709852,79.35251
29.7_79.5,29.697207,79.51148699999999
29.7_79.8,29.680266,79.81612
29.8_74.6,29.786761,74.609287
29.8_74.7,29.794575,74.659835
29.8_75.1,29.792365,75.143586
29.8_75.2,29.801162,75.210532
29.8_75.3,29.766388,75.2850415
29.8_75.4,29.811742,75.434711
29.8_75.5,29.821096500000003,75.49389625
29.8_75.6,29.754988,75.630822
29.8_75.7,29.7856585,75.676533
29.8_75.9,29.8158928,75.921824
29.8_76.1,29.767600666666667,76.09033166666667
29.8_76.2,29.802566777777777,76.20082177777778
29.8_76.3,29.800823700000002,76.3041709
29.8_76.4,29.793332749999998,76.404649875
29.8_76.5,29.800227999999997,76.5036863
29.8_76.6,29.805716999999998,76.59841485714286
29.8_76.7,29.792543,76.69264214285714
29.8_76.8,29.8060987,76.8131769
29.8_76.9,29.785137600000002,76.899186
29.8_77.0,29.79113775,77.008956625
29.8_77.1,29.804426375,77.10697625
29.8_77.2,29.791259125,77.21719225
29.8_77.3,29.813608125000002,77.3121385
29.8_77.4,29.804619916666667,77.40147316666666
29.8_77.5,29.798268666666665,77.50162888888889
29.8_77.6,29.7711228,77.5905188
29.8_77.7,29.787811285714287,77.700507
29.8_77.8,29.794227,77.796472
29.8_77.9,29.78880571428571,77.89862114285714
29.8_78.0,29.822585333333336,77.98918766666667
29.8_78.1,29.8033535,78.11863875
29.8_78.2,29.795475333333332,78.18884733333334
29.8_78.3,29.81137633333333,78.31758633333334
29.8_78.4,29.80900175,78.3948115
29.8_78.5,29.795798333333334,78.49583816666667
29.8_78.6,29.831061,78.579787
29.8_78.7,29.812455666666665,78.69317766666666
29.8_78.9,29.765935,78.860202
29.8_79.1,29.842162,79.103338
29.8_79.2,29.797392000000002,79.1823665
29.8_79.3,29.841899,79.300632
29.8_79.6,29.7749335,79.5591005
29.8_79.7,29.814827,79.698641
29.8_79.8,29.777052,79.819713
29.9_74.7,29.874898,74.745776
29.9_74.8,29.946085,74.825193
29.9_74.9,29.90691,74.863888
29.9_75.1,29.861017,75.12323900000001
29.9_75.2,29.936129,75.208865
29.9_75.4,29.862801,75.41606966666667
29.9_75.5,29.901932000000002,75.4808075
29.9_75.6,29.8839385,75.6157935
29.9_75.7,29.901394,75.71021366666666
29.9_75.8,29.87804,75.84260549999999
29.9_75.9,29.880439000000003,75.896034
29.9_76.0,29.8925135,75.99768775
29.9_76.1,29.9191045,76.094881
29.9_76.2,29.928369800000002,76.2010786
29.9_76.3,29.896082,76.30088325
29.9_76.4,29.890645777777777,76.39841322222222
29.9_76.5,29.92170175,76.5174845
29.9_76.6,29.888454666666664,76.613697
29.9_76.8,29.892505333333332,76.79906
29.9_76.9,29.92138657142857,76.89770142857142
29.9_77.0,29.888703500000002,77.009438
29.9_77.1,29.904650300000004,77.1062175
29.9_77.2,29.91724575,77.1892825
29.9_77.3,29.892506333333333,77.307969
29.9_77.4,29.8967025,77.3935305
29.9_77.5,29.897326285714286,77.51465957142857
29.9_77.6,29.911689499999998,77.59849633333333
29.9_77.7,29.893418571428573,77.69700514285715
29.9_77.8,29.891798799999997,77.7995778
29.9_77.9,29.872954833333335,77.88349699999999
29.9_78.0,29.895301,77.99547749999999
29.9_78.1,29.912204000000003,78.10318133333332
29.9_78.2,29.877293666666663,78.21779733333334
29.9_78.3,29.881563,78.28241733333333
29.9_78.4,29.89796,78.41397375
29.9_78.5,29.938473,78.5218475
29.9_78.6,29.9304395,78.6077095
29.9_78.8,29.919638,78.849711
29.9_78.9,29.900659,78.896883
29.9_79.0,29.871743,79.0298
29.9_79.1,29.910739,79.149545
29.9_79.4,29.8886955,79.4227955
29.9_79.5,29.918356,79.478118
29.9_79.6,29.917741,79.550522
29.9_79.7,29.935825,79.67508
29.9_79.9,29.875406,79.893001
30.0_74.8,29.985953,74.814722
30.0_75.0,30.046103,74.954688
30.0_75.1,29.9956365,75.10625250000001
30.0_75.3,30.023778,75.32770500000001
30.0_75.4,29.978557000000002,75.395783
30.0_75.5,30.007953,75.503078
30.0_75.7,30.044218,75.744779
30.0_75.8,30.002664999999997,75.75142333333334
30.0_75.9,30.02429775,75.891715
30.0_76.0,29.995814,75.9629085
30.0_76.1,29.999406714285715,76.07406185714285
30.0_76.2,29.98738,76.21646733333334
30.0_76.3,30.0224085,76.30194625
30.0_76.4,29.997372833333333,76.416973
30.0_76.5,30.005519666666668,76.49501033333333
30.0_76.6,30.016138666666667,76.59343033333333
30.0_76.7,29.9737815,76.702559
30.0_76.8,30.008455200000004,76.7930068
30.0_76.9,30.000748333333334,76.88412833333332
30.0_77.0,29.997051142857142,76.99411642857144
30.0_77.1,29.989432384615384,77.12321946153847
30.0_77.2,29.977907000000002,77.194752
30.0_77.3,30.02970475,77.287924
30.0_77.4,30.0071662,77.38094099999999
30.0_77.5,30.00203475,77.50966475
30.0_77.6,29.96138,77.633718
30.0_77.7,30.008516800000002,77.6920524
30.0_77.8,29.990725,77.827387
30.0_77.9,30.02099357142857,77.910961
30.0_78.0,29.9849955,78.0079485
30.0_78.1,29.997216125,78.0998815
30.0_78.2,30.020601,78.179639
30.0_78.3,30.007013333333333,78.29846066666666
30.0_78.4,29.9649265,78.3683555
30.0_78.5,30.00589025,78.50026025
30.0_78.6,30.021003,78.5992825
30.0_78.7,29.960511,78.662966
30.0_78.8,29.9979494,78.817586
30.0_78.9,30.0197605,78.897598
30.0_79.0,30.0031,79.01398433333334
30.0_79.1,29.999508,79.09553
30.0_79.2,29.9909066,79.20338380000001
30.0_79.3,30.008735,79.262206
30.0_79.4,29.983922,79.382027
30.0_79.5,30.040465,79.536595
30.0_79.7,30.010864,79.666564
30.0_79.9,29.97187,79.858222
30.1_74.2,30.120484,74.244011
30.1_74.6,30.06226,74.598077
30.1_74.8,30.084811,74.837029
30.1_74.9,30.126592,74.881995
30.1_75.0,30.1009895,74.9872915
30.1_75.1,30.072599,75.099566
30.1_75.2,30.080146,75.160735
30.1_75.4,30.104381,75.350093
30.1_75.7,30.077332,75.693353
30.1_75.8,30.097814,75.787722
30.1_75.9,30.089881400000003,75.9190514
30.1_76.0,30.116821,75.98178433333334
30.1_76.1,30.08594175,76.10070825
30.1_76.2,30.1196785,76.19626125
30.1_76.3,30.098440500000002,76.306569
30.1_76.4,30.066116,76.42412
30.1_76.5,30.09348,76.5182525
30.1_76.6,30.073420499999997,76.5873465
30.1_76.7,30.08943616666667,76.71646816666667
30.1_76.8,30.12752,76.80621066666667
30.1_76.9,30.108012000000002,76.9215895
30.1_77.0,30.1459785,77.013869
30.1_77.1,30.110961571428568,77.09989885714286
30.1_77.2,30.08366475,77.21646925
30.1_77.3,30.124955333333332,77.333366
30.1_77.4,30.089159,77.39359333333333
30.1_77.5,30.07687975,77.50507975
30.1_77.6,30.099139833333336,77.59750616666668
30.1_77.8,30.1075145,77.80266025
30.1_77.9,30.073541666666667,77.92263666666666
30.1_78.0,30.083174,78.007909
30.1_78.1,30.094683,78.128694
30.1_78.2,30.1155695,78.18816
30.1_78.3,30.087034666666668,78.256643
30.1_78.4,30.123429,78.38397233333335
30.1_78.5,30.093271,78.505238
30.1_78.6,30.106064250000003,78.603636
30.1_78.8,30.0932494,78.8026108
30.1_79.0,30.050315,78.965454
30.1_79.2,30.127952,79.2073465
30.1_79.3,30.107775,79.303008
30.1_79.4,30.116889999999998,79.401839
30.1_79.5,30.091886,79.507232
30.1_79.8,30.13829,79.81591
30.1_80.0,30.09676433333333,79.98738366666667
30.2_74.7,30.22972,74.651339
30.2_75.0,30.183612,75.0237725
30.2_75.1,30.184262,75.07472999999999
30.2_75.4,30.225739,75.443328
30.2_75.5,30.191189,75.50403299999999
30.2_75.6,30.2075445,75.58001
30.2_75.7,30.16765033333333,75.70912500000001
30.2_75.8,30.198419666666666,75.782011
30.2_75.9,30.203656,75.866449
30.2_76.0,30.2098475,76.030947
30.2_76.1,30.221209,76.088583
30.2_76.2,30.176357,76.203188
30.2_76.3,30.174995,76.345816
30.2_76.4,30.1923085,76.42355549999999
30.2_76.5,30.1864442,76.5108618
30.2_76.6,30.1851505,76.596755
30.2_76.7,30.231837,76.707463
30.2_76.8,30.2047926,76.8073854
30.2_76.9,30.184377,76.91129233333334
30.2_77.0,30.216299333333335,77.006533
30.2_77.1,30.216425,77.10283799999999
30.2_77.2,30.209755857142856,77.19193442857143
30.2_77.3,30.192043666666667,77.30929433333334
30.2_77.4,30.192254,77.376514
30.2_77.5,30.19711666666667,77.49158633333333
30.2_77.6,30.160242666666665,77.617301
30.2_77.7,30.1961035,77.67173025
30.2_77.8,30.192576000000003,77.7873265
30.2_77.9,30.20824925,77.897417
30.2_78.0,30.201614333333335,78.00861233333333
30.2_78.2,30.189628,78.200853
30.2_78.3,30.178733,78.29989
30.2_78.4,30.244507,78.382722
30.2_78.5,30.2115385,78.48347
30.2_78.7,30.192243,78.668346
30.2_78.8,30.180726,78.835654
30.2_78.9,30.21753825,78.896073
30.2_79.0,30.221766000000002,79.00881799999999
30.2_79.1,30.18159466666667,79.12454466666667
30.2_79.2,30.198588,79.218648
30.2_79.3,30.219859,79.258921
30.2_79.4,30.245285,79.448553
30.2_79.5,30.24781,79.455939
30.3_74.8,30.302508500000002,74.811189
30.3_75.0,30.323759,74.965443
30.3_75.1,30.256094,75.128973
30.3_75.3,30.2589045,75.304226
30.3_75.4,30.321997333333332,75.40006733333333
30.3_75.5,30.32427,75.48960249999999
30.3_75.6,30.315209,75.572949
30.3_75.7,30.292269,75.66329
30.3_75.8,30.261067,75.845792
30.3_75.9,30.3028045,75.9341445
30.3_76.0,30.310165666666666,76.00664083333334
30.3_76.1,30.2747715,76.10922049999999
30.3_76.2,30.300853,76.217225
30.3_76.3,30.31323433333333,76.32424133333333
30.3_76.4,30.326198,76.36895266666666
30.3_76.5,30.2813985,76.5056685
30.3_76.6,30.3170715,76.60874799999999
30.3_76.7,30.300989571428573,76.70108585714286
30.3_76.8,30.288788500000003,76.80583
30.3_77.0,30.292983333333336,76.9941665
30.3_77.1,30.2981335,77.1128265
30.3_77.2,30.29542016666667,77.19869483333333
30.3_77.3,30.3012044,77.3268964
30.3_77.4,30.322133,77.387108
30.3_77.5,30.274413666666664,77.511988
30.3_77.6,30.323331,77.60465
30.3_77.7,30.29688,77.69433916666667
30.3_77.8,30.306536,77.78334699999999
30.3_77.9,30.292606,77.89286675
30.3_78.0,30.348551,78.040099
30.3_78.1,30.280975333333334,78.095919
30.3_78.2,30.31071833333333,78.21380633333332
30.3_78.3,30.309743,78.28572833333334
30.3_78.4,30.331404,78.401873
30.3_78.5,30.349768,78.528632
30.3_78.6,30.330388999999997,78.60661366666666
30.3_78.7,30.328233,78.676578
30.3_78.8,30.3105945,78.8036095
30.3_79.0,30.271788,78.96588
30.3_79.1,30.343852,79.106645
30.3_79.3,30.2716905,79.3442065
30.3_79.5,30.324384,79.513191
30.4_74.5,30.434582,74.475014
30.4_75.1,30.3946695,75.0834775
30.4_75.2,30.357505,75.178589
30.4_75.4,30.412020499999997,75.3933015
30.4_75.5,30.43178,75.51154500000001
30.4_75.6,30.406616749999998,75.6084505
30.4_75.8,30.40106775,75.7925605
30.4_75.9,30.404782,75.87227533333333
30.4_76.0,30.361908,76.034003
30.4_76.2,30.417214333333334,76.20362533333333
30.4_76.3,30.36110233333333,76.318104
30.4_76.4,30.442375,76.449271
30.4_76.5,30.391786333333332,76.53540233333332
30.4_76.6,30.418613999999998,76.59414625
30.4_76.7,30.388947,76.70351
30.4_76.8,30.377834999999997,76.802258
30.4_76.9,30.386636,76.87432333333334
30.4_77.0,30.4044055,77.012268
30.4_77.1,30.410461666666667,77.10165233333333
30.4_77.2,30.38918,77.207517
30.4_77.3,30.401632499999998,77.2661185
30.4_77.4,30.413125,77.398836
30.4_77.5,30.3915504,77.49711119999999
30.4_77.6,30.366857,77.5638645
30.4_77.7,30.387389,77.66493633333333
30.4_77.8,30.4120416,77.8090096
30.4_77.9,30.40549675,77.8926315
30.4_78.0,30.423056,77.97927
30.4_78.1,30.388857,78.08949925
30.4_78.2,30.357219,78.193234
30.4_78.3,30.375867,78.30442550000001
30.4_78.4,30.379421,78.381312
30.4_78.5,30.396396,78.51038
30.4_78.6,30.4045846,78.60567
30.4_78.7,30.389416,78.740241
30.4_78.8,30.389711333333334,78.77302066666667
30.4_78.9,30.40766,78.869408
30.4_79.0,30.380189,78.972973
30.4_79.1,30.374172,79.109504
30.4_79.3,30.417496,79.306645
30.4_79.4,30.404293,79.441422
30.4_79.5,30.4290255,79.523853
30.5_75.1,30.531995,75.092639
30.5_75.2,30.497635000000002,75.224063
30.5_75.5,30.53305,75.5094125
30.5_75.7,30.510812,75.681124
30.5_75.8,30.510009500000002,75.79674800000001
30.5_75.9,30.49230375,75.88423775
30.5_76.0,30.5193075,75.9990095
30.5_76.1,30.492571,76.090338
30.5_76.2,30.527881,76.181731
30.5_76.4,30.50411,76.40736475
30.5_76.5,30.473127,76.521313
30.5_76.6,30.491717,76.55338
30.5_76.7,30.509856,76.73121900000001
30.5_76.8,30.496323,76.838744
30.5_76.9,30.519682500000002,76.92036725
30.5_77.1,30.499130666666662,77.08533666666666
30.5_77.2,30.476879,77.21669299999999
30.5_77.3,30.47428425,77.28516175
30.5_77.4,30.502537999999998,77.381654
30.5_77.5,30.534242,77.537136
30.5_77.6,30.501251000000003,77.6104332
30.5_77.7,30.480478800000004,77.71822360000002
30.5_77.9,30.5122585,77.9282345
30.5_78.0,30.507444333333336,77.983289
30.5_78.1,30.493049,78.137165
30.5_78.2,30.540628,78.174261
30.5_78.3,30.494087,78.317482
30.5_78.4,30.545906,78.394083
30.5_78.5,30.492172999999998,78.47385866666667
30.5_78.6,30.534589,78.611515
30.5_78.8,30.535996,78.836923
30.5_79.0,30.499553,78.979593
30.5_79.2,30.519929,79.222162
30.5_79.3,30.464448,79.315502
30.5_79.5,30.4931045,79.5152085
30.6_74.9,30.620608,74.947565
30.6_75.0,30.642926,75.012646
30.6_75.1,30.638397,75.058045
30.6_75.2,30.587088,75.15068
30.6_75.3,30.56717,75.305415
30.6_75.4,30.601604000000002,75.42515599999999
30.6_75.6,30.602171499999997,75.605557
30.6_75.7,30.574226,75.71786
30.6_75.8,30.584619,75.76889
30.6_75.9,30.605716,75.917009
30.6_76.0,30.5817275,76.008949
30.6_76.1,30.568147999999997,76.06512733333334
30.6_76.2,30.606976,76.156258
30.6_76.4,30.59951975,76.420704
30.6_76.5,30.61915925,76.4765805
30.6_76.6,30.626184,76.646841
30.6_76.7,30.619616999999998,76.69486020000001
30.6_76.8,30.556122666666667,76.80295166666667
30.6_76.9,30.605605,76.901642
30.6_77.0,30.590004333333336,76.992723
30.6_77.1,30.593993666666666,77.11690433333332
30.6_77.2,30.589133,77.20930125
30.6_77.4,30.60186333333333,77.37706233333334
30.6_77.5,30.592309666666665,77.50471533333332
30.6_77.6,30.622359,77.57654775
30.6_77.7,30.57648875,77.7099825
30.6_77.8,30.6255955,77.805024
30.6_77.9,30.618289333333337,77.88805333333333
30.6_78.0,30.603236666666664,78.00025866666667
30.6_78.1,30.595571,78.08987250000001
30.6_78.2,30.592799,78.23412066666667
30.6_78.3,30.588912,78.304853
30.6_78.4,30.61316933333333,78.37171166666667
30.6_78.5,30.6099715,78.4985525
30.6_78.6,30.610001500000003,78.636226
30.6_78.7,30.566337,78.684131
30.6_78.8,30.577011,78.7793405
30.6_78.9,30.565374499999997,78.944716
30.6_79.0,30.565945,78.956959
30.6_79.1,30.614301,79.142651
30.6_79.3,30.555701,79.334239
30.6_79.4,30.607465,79.426706
30.6_79.6,30.574245,79.557818
30.7_75.1,30.690072,75.122495
30.7_75.2,30.722695,75.239866
30.7_75.3,30.6773605,75.29477800000001
30.7_75.4,30.692564,75.382132
30.7_75.5,30.69339633333333,75.50735300000001
30.7_75.6,30.685186,75.62536499999999
30.7_75.8,30.697822666666667,75.83444966666667
30.7_75.9,30.675106,75.913636
30.7_76.0,30.691497333333334,75.990521
30.7_76.1,30.71018066666667,76.134243
30.7_76.2,30.6890145,76.22854799999999
30.7_76.4,30.6705,76.437424
30.7_76.5,30.716557,76.5087685
30.7_76.6,30.716773666666665,76.58907599999999
30.7_76.8,30.6959615,76.79681099999999
30.7_76.9,30.723838,76.904002
30.7_77.0,30.691575,77.007308
30.7_77.1,30.7165365,77.06723600000001
30.7_77.2,30.655971,77.164697
30.7_77.3,30.68942,77.287492
30.7_77.4,30.691342400000003,77.3881554
30.7_77.5,30.694137,77.481501
30.7_77.7,30.7024095,77.677252
30.7_77.8,30.673518,77.7907045
30.7_77.9,30.664737,77.90513
30.7_78.0,30.692235399999998,77.999696
30.7_78.1,30.734572,78.066034
30.7_78.2,30.6731665,78.1913345
30.7_78.3,30.6752545,78.2652435
30.7_78.4,30.680161499999997,78.4256885
30.7_78.5,30.705672,78.5147475
30.7_78.7,30.703877,78.697716
30.7_78.9,30.700283,78.89217400000001
30.7_79.0,30.738458,78.991821
30.7_79.1,30.68259,79.092415
30.7_79.4,30.675536,79.36863149999999
30.7_79.5,30.660907,79.510824
30.7_79.6,30.657293,79.576378
30.8_75.2,30.764714,75.215286
30.8_75.3,30.841569,75.333752
30.8_75.4,30.805415,75.388038
30.8_75.5,30.8074345,75.5227675
30.8_75.6,30.762176,75.553273
30.8_75.7,30.788082,75.6848655
30.8_75.8,30.771186,75.837518
30.8_75.9,30.797228666666665,75.87087633333333
30.8_76.0,30.762036,76.040638
30.8_76.2,30.76487,76.18068
30.8_76.3,30.76512775,76.31598725
30.8_76.5,30.791701,76.50666749999999
30.8_76.6,30.812195,76.594621
30.8_76.7,30.765438500000002,76.6831075
30.8_76.9,30.804910999999997,76.890015
30.8_77.0,30.805221,77.00847250000001
30.8_77.2,30.820659666666668,77.189336
30.8_77.3,30.795505333333335,77.321058
30.8_77.4,30.775193,77.364158
30.8_77.5,30.799813999999998,77.47052
30.8_77.6,30.828355000000002,77.59818849999999
30.8_77.7,30.808304,77.66366
30.8_77.8,30.805991800000005,77.804667
30.8_77.9,30.786185,77.915112
30.8_78.0,30.81676566666667,77.965121
30.8_78.1,30.829272666666668,78.12203966666667
30.8_78.2,30.799038,78.223032
30.8_78.3,30.7825315,78.2988325
30.8_78.4,30.7701065,78.378587
30.8_78.5,30.7999905,78.455795
30.8_78.6,30.7933605,78.5915455
30.8_78.7,30.757615,78.702831
30.8_79.0,30.838528,78.950279
30.8_79.1,30.841249,79.086435
30.8_79.2,30.7743845,79.1940655
30.9_75.4,30.87722,75.382588
30.9_75.5,30.888262,75.464359
30.9_75.7,30.89913,75.73345900000001
30.9_75.8,30.86801,75.78963
30.9_76.1,30.866859,76.134777
30.9_76.2,30.863749,76.153707
30.9_76.3,30.886622666666668,76.30141433333334
30.9_76.4,30.8831195,76.37781100000001
30.9_76.5,30.937762,76.526859
30.9_76.6,30.917333333333332,76.61334799999999
30.9_76.7,30.880205,76.695452
30.9_76.8,30.9302475,76.7754755
30.9_76.9,30.909786,76.889003
30.9_77.1,30.898124250000002,77.124478
30.9_77.2,30.910352,77.2341275
30.9_77.3,30.900354000000004,77.32749633333333
30.9_77.4,30.949051,77.43969
30.9_77.5,30.904407,77.5012625
30.9_77.6,30.930359,77.611835
30.9_77.7,30.881938,77.669153
30.9_77.8,30.9286885,77.8200975
30.9_77.9,30.894939,77.887557
30.9_78.0,30.914563,77.958679
30.9_78.1,30.894176,78.089735
30.9_78.3,30.9212185,78.2812575
30.9_78.6,30.90350125,78.5750355
30.9_78.7,30.905131,78.69804400000001
30.9_78.8,30.903395500000002,78.8035525
30.9_78.9,30.879453,78.881646
30.9_79.1,30.938411,79.103698
30.9_79.3,30.869496,79.349512
31.0_75.5,30.999568,75.549069
31.0_75.7,30.9998515,75.73747549999999
31.0_75.8,31.022192,75.809617
31.0_76.1,31.0106635,76.09762649999999
31.0_76.2,31.017987,76.16852
31.0_76.3,31.021638,76.264953
31.0_76.4,30.992883,76.379877
31.0_76.5,30.965333,76.457158
31.0_76.6,30.96581,76.589395
31.0_76.7,30.981885,76.653411
31.0_76.8,31.008912,76.790602
31.0_76.9,30.9726815,76.924699
31.0_77.0,30.989103,77.03999
31.0_77.1,30.976716,77.120531
31.0_77.3,30.973551999999998,77.295643
31.0_77.4,30.992611666666665,77.43095633333333
31.0_77.6,31.045091,77.6219
31.0_77.7,30.986346,77.70456025
31.0_77.9,30.999036333333333,77.90306233333332
31.0_78.0,30.962866,77.996271
31.0_78.1,31.0127425,78.0600485
31.0_78.2,30.9911745,78.21417500000001
31.0_78.3,30.96919,78.314189
31.0_78.6,30.956875,78.604534
31.0_78.7,30.992452666666665,78.72753933333333
31.1_75.4,31.05432,75.41925699999999
31.1_75.8,31.0923315,75.7779235
31.1_76.0,31.09973,76.018951
31.1_76.2,31.065601,76.237827
31.1_76.4,31.078782,76.413254
31.1_76.5,31.053363,76.466608
31.1_76.7,31.119816999999998,76.6993795
31.1_76.9,31.1108265,76.8706315
31.1_77.0,31.084572,77.019122
31.1_77.1,31.10773,77.0788925
31.1_77.2,31.0861615,77.2090715
31.1_77.3,31.1115,77.337291
31.1_77.4,31.096632,77.367941
31.1_77.5,31.090895,77.50483333333334
31.1_77.6,31.062444,77.622693
31.1_77.8,31.117428,77.753591
31.1_77.9,31.121065,77.854966
31.1_78.0,31.129271666666668,78.00754633333334
31.1_78.1,31.1079705,78.08615499999999
31.1_78.4,31.067948,78.37814399999999
31.1_78.5,31.1411655,78.515488
31.1_78.7,31.076587,78.674226
31.2_75.7,31.2235245,75.7287245
31.2_76.0,31.242263,76.011719
31.2_76.1,31.163577,76.120532
31.2_76.2,31.212690000000002,76.1531705
31.2_76.3,31.236269,76.259632
31.2_76.4,31.234669,76.389015
31.2_76.6,31.182227,76.595962
31.2_76.7,31.221388,76.708753
31.2_76.8,31.241693,76.819032
31.2_76.9,31.1991508,76.9095014
31.2_77.1,31.189414,77.054703
31.2_77.2,31.220813999999997,77.21518599999999
31.2_77.3,31.1780695,77.284764
31.2_77.5,31.188212,77.512709
31.2_77.6,31.198700600000002,77.5876482
31.2_77.8,31.167703,77.844078
31.2_78.0,31.219683500000002,78.02176449999999
31.2_78.1,31.203741,78.08234250000001
31.2_78.3,31.206893,78.285095
31.2_78.4,31.172713,78.412662
31.2_78.6,31.225228,78.599001
31.2_78.7,31.198647,78.725832
31.3_76.2,31.258924,76.214594
31.3_76.3,31.261746,76.329749
31.3_76.4,31.259334,76.423002
31.3_76.5,31.296691666666664,76.52537566666666
31.3_76.6,31.305554,76.630115
31.3_76.8,31.293777,76.820448
31.3_77.0,31.314848,76.988211
31.3_77.1,31.2767415,77.08739600000001
31.3_77.2,31.262202,77.195601
31.3_77.4,31.324260000000002,77.41406549999999
31.3_77.6,31.321120999999998,77.6139075
31.3_77.8,31.30707666666667,77.79800033333333
31.3_77.9,31.28979,77.8941105
31.3_78.0,31.30899266666667,78.00647866666667
31.3_78.3,31.305806,78.3014685
31.3_78.4,31.329403,78.446322
31.3_78.5,31.264087,78.478721
31.3_78.7,31.307868,78.689093
31.4_75.5,31.352147,75.534497
31.4_76.3,31.3819215,76.3088195
31.4_76.5,31.386855666666666,76.49890633333334
31.4_76.8,31.36609,76.824169
31.4_77.2,31.418207,77.174283
31.4_77.3,31.421698,77.310143
31.4_77.4,31.376818,77.447958
31.4_77.5,31.3957335,77.5126395
31.4_77.9,31.400592666666665,77.882925
31.4_78.0,31.3995045,78.00277175
31.4_78.4,31.359199,78.449546
31.5_75.6,31.457785,75.624889
31.5_75.7,31.462231,75.72699
31.5_77.0,31.497239,77.022222
31.5_77.1,31.516422,77.069488
31.5_77.2,31.471901,77.174132
31.5_77.3,31.504618,77.252763
31.5_77.6,31.454191,77.610476
31.5_77.7,31.481783,77.742142
31.5_78.1,31.514203,78.140208
31.6_76.1,31.579897,76.139191
31.6_77.0,31.639725,77.039389
31.6_77.5,31.611372,77.53179
